LC.type,LC.bodyId,c.weight,output.type,output.bodyId
LC20,1902066682,1,PDL09i_pct,1227135350
LC20,1902066682,1,,1345519875
LC20,1902066682,1,,1005849475
LC20,1902066682,1,,5813058236
LC20,1902066682,1,LC20,2186155295
LC20,1902066682,1,PVL13j_pct,1188004374
LC20,1902066682,2,PDM26e_pct,1344858936
LC20,1902066682,1,,1069282849
LC20,1902066682,1,,2122026858
LC20,1902066682,1,,2215808978
LC20,1902066682,2,,672598344
LC20,1902066682,2,PDM36c_pct,1007256476
LC20,1902066682,2,PVL21e_pct,787563782
LC20,1902066682,1,,5813123049
LC20,1902066682,4,PDM16g_pct,790668991
LC20,1902066682,1,PVM10k_pct,884481648
LC20,1902066682,1,PVL03a_pct,1222769755
LC20,1687844304,1,AVM08m_pct,1229521890
LC20,1687844304,1,PVL11x_pct,858117772
LC20,1687844304,1,olfactory multi lPN t-mALT,1978573010
LC20,1687844304,1,PDL26j_pct,542679122
LC20,1687844304,1,AVL12w_pct,1006859972
LC20,1687844304,1,ADL16a_pct,482633514
LC20,1687844304,1,PVL09z_pct,1161688286
LC20,1687844304,1,,1811012154
LC20,1687844304,1,PDL13c_pct,510623727
LC20,1687844304,2,PDL15g_pct,674096140
LC20,1687844304,2,,1286859512
LC20,1687844304,2,AVM08m_pct,5813076344
LC20,1687844304,1,PDL20g_pct,821007911
LC20,1687844304,1,,1288172070
LC20,1687844304,1,,1096963197
LC20,1687844304,1,AVL12c_pct,1041343016
LC20,1687844304,1,AVL06k_pct,859144723
LC20,1687844304,1,aMe17E,5813027248
LC20,1687844304,1,AVL11n_a_pct,1447093754
LC20,1687844304,1,PDL12x_pct,943425979
LC20,1687844304,1,PVL14e_c_pct,914100101
LC20,1687844304,1,,1037895459
LC20,1687844304,1,PVL14e_e_pct,976515311
LC20,1687844304,1,ADL03b_pct,914130079
LC20,1687844304,2,ADL01oa_pct,885132185
LC20,1687844304,5,PDM08oa_pct,821003563
LC20,1687844304,1,PDL05oi_pct,357224041
LC20,1687844304,1,PVL14e_c_pct,883415496
LC20,1687844304,1,ADL29c_pct,673068602
LC20,1687844304,1,PVL01c_pct,883415238
LC20,1687844304,1,PDL21n_a_pct,670353384
LC20,1687844304,1,PDL12k_pct,729957687
LC20,1687844304,1,AVL12g_pct,541326096
LC20,1687844304,2,PDL07d_pct,5813049920
LC20,1687844304,2,AVL06olc_pct,852738675
LC20,1687844304,2,PDM12u_pct,545385576
LC20,1687844304,2,PDL12k_pct,5812981058
LC20,1687844304,1,AVM08k_pct,1287645091
LC20,1687844304,1,PDL09od_pct,1037553548
LC20,1687844304,1,ADL12b_b_pct,576843029
LC20,1315464724,1,LC20,5901199075
LC20,1315464724,1,,1160272479
LC20,1315464724,1,LC20,1409604476
LC20,1315464724,1,PDM27c_pct,5813056020
LC20,1315464724,1,PVL08h_pct,5812980647
LC20,1315464724,1,AVL18b_pct,479930311
LC20,1315464724,1,AVL12i_pct,1102407589
LC20,1315464724,1,AVL12g_pct,541326096
LC20,1315464724,2,AVL12m_pct,480608510
LC20,1315464724,1,PDL26f_pct,482702027
LC20,1315464724,1,LC20,1378570483
LC20,1315464724,1,PVL14e_d_pct,1408928039
LC20,1315464724,3,AVL12v_pct,760971727
LC20,1315464724,2,,664766439
LC20,1315464724,1,AVM08j_pct,1099964617
LC20,1315464724,1,,1222022554
LC20,1315464724,2,AVL12u_pct,758605646
LC20,1315464724,1,,1159607159
LC20,1315464724,1,AVL12y_pct,389200241
LC20,1315464724,2,PVL11olb_pct,758938220
LC20,1315464724,1,PVL03v_pct,882404950
LC20,1315464724,3,AVL12h_pct,1285223025
LC20,1315464724,1,ADL02t_pct,543692985
LC20,1315464724,1,,5812980688
LC20,1315464724,1,AVL06ok_pct,5813068500
LC20,1315464724,1,PVL09i_pct,883414342
LC20,1315464724,1,PVL02c_pct,1006146837
LC20,1315464724,3,AVL12v_pct,1354972766
LC20,1315464724,2,PVL11oc_pct,853437567
LC20,1315464724,3,AVL12i_pct,789623676
LC20,1315464724,5,ADL25a_pct,1198132041
LC20,1315464724,5,AVL12g_pct,5901203557
LC20,1315464724,3,AVL12g_pct,851365481
LC20,1315464724,1,AVL07r_pct,944720631
LC20,1315464724,1,AVL06oh_pct,889497360
LC20,2215809310,1,AVL08a_pct,884450920
LC20,2215809310,1,AVL06ok_pct,796401179
LC20,2215809310,1,PDM09of_pct,698996246
LC20,2215809310,1,ADL01of_pct,1039267479
LC20,2215809310,1,ADL07oh_pct,701915554
LC20,2215809310,1,,5813078062
LC20,2215809310,1,,5813097615
LC20,2215809310,1,PDL12k_pct,729957687
LC20,2215809310,1,PVL11ob_pct,574736017
LC20,2215809310,2,ADL07f_pct,5813035213
LC20,2215809310,2,AVL06olc_pct,852738675
LC20,2215809310,1,PDM08oc_pct,1220434040
LC20,2215809310,1,PDL09e_pct,885810757
LC20,2215809310,1,PVL11oc_pct,853437567
LC20,2215809310,2,ADL12b_b_pct,576843029
LC20,2215809310,2,PDL09od_pct,1037553548
LC20,2215809310,7,PDM08oa_pct,821003563
LC20,2215809310,1,PVL14e_c_pct,883415496
LC20,2215809310,1,PVL03ow_pct,1097537045
LC20,2215809310,2,,5812987418
LC20,2215809310,1,PVL01c_pct,883415238
LC20,2215809310,2,PDL28a_pct,1069632261
LC20,2215809310,2,PDL05oi_pct,357224041
LC20,2215809310,1,PVL11oc_pct,1191665829
LC20,2215809310,1,PDM09of_pct,822376419
LC20,1254793503,1,,386829647
LC20,1254793503,1,PDM09of_pct,822376419
LC20,1254793503,1,AVL06ok_pct,5813068500
LC20,1254793503,1,aMe10,1190344036
LC20,1254793503,1,AVM18d_pct,701923413
LC20,1254793503,1,ADL16b_pct,481636469
LC20,1254793503,1,AVL06ok_pct,796401179
LC20,1254793503,1,ADM02g_pct,821344462
LC20,1254793503,1,ADL03b_pct,854106922
LC20,1254793503,1,,1286859512
LC20,1254793503,1,PVL08f_pct,1252042438
LC20,1254793503,1,PVL09i_pct,1006871540
LC20,1254793503,1,PDM09of_pct,822380754
LC20,1254793503,1,ADL16a_pct,451296383
LC20,1254793503,1,PVL14f_pct,1194384626
LC20,1254793503,2,PDL12k_pct,5812981058
LC20,1254793503,1,AVL12h_pct,669512877
LC20,1254793503,1,PDL12x_pct,943425979
LC20,1254793503,1,AVL06p_pct,671574812
LC20,1254793503,1,AVL06ot_pct,5813071354
LC20,1254793503,1,AVL06k_pct,796743384
LC20,1254793503,2,PVL14f_pct,5812993257
LC20,1254793503,2,,1037895459
LC20,1254793503,1,AVL06z_a_pct,765703442
LC20,1254793503,1,AVL06z_a_pct,796397791
LC20,1254793503,1,AVL12i_pct,796098427
LC20,1254793503,1,PDL09f_pct,1038602562
LC20,1254793503,1,PVM08t_pct,758588355
LC20,1254793503,1,ADL28e_pct,821344463
LC20,1254793503,1,PDL26j_pct,542679122
LC20,1254793503,1,AVL12u_pct,758605646
LC20,1254793503,1,PDM27c_pct,5813056028
LC20,1254793503,2,AVL12p_pct,1376485417
LC20,1254793503,1,PDM28q_pct,823063281
LC20,1254793503,1,MC62,5812982246
LC20,1254793503,1,AVL06ob_pct,544379269
LC20,1254793503,2,PVL11oc_pct,1191665829
LC20,1254793503,3,AVL06k_pct,859144723
LC20,1254793503,1,,5812983789
LC20,1254793503,1,PDL15f_pct,671035328
LC20,1254793503,2,PDL09od_pct,1037553548
LC20,1254793503,1,,5813021482
LC20,1254793503,1,AVL06oh_pct,858803404
LC20,1254793503,1,ADL07oh_pct,479908437
LC20,1254793503,2,ADL29c_pct,673068602
LC20,1254793503,2,PDL09od_pct,1007890985
LC20,1254793503,1,AVM18h_pct,544038123
LC20,1254793503,3,olfactory multi lPN t-mALT,1978573010
LC20,1254793503,4,PDM08oa_pct,821003563
LC20,1254793503,1,AVL22f_pct,5812982278
LC20,1316158839,1,,1254089416
LC20,1316158839,1,,671285134
LC20,1316158839,1,LC20,1408612051
LC20,1316158839,2,,5813040731
LC20,1316158839,1,AVL11n_a_pct,1447093754
LC20,1316158839,2,AVM08j_pct,1099964617
LC20,1316158839,1,AVL06u_pct,389541075
LC20,1316158839,1,MC62,1284097383
LC20,1316158839,1,,1159611765
LC20,1316158839,1,PVL14h_c_pct,1714479551
LC20,1316158839,1,ADL09m_pct,640276971
LC20,1316158839,1,AVL06k_pct,859144723
LC20,1316158839,3,AVL12g_pct,5901203557
LC20,1316158839,1,PDL12k_pct,667538952
LC20,1316158839,2,AVL12m_pct,480608510
LC20,1316158839,1,,1316154747
LC20,1316158839,1,,1283760457
LC20,1316158839,2,AVL12u_pct,5813061016
LC20,1316158839,3,AVL12h_pct,1285223025
LC20,1316158839,1,PVL10w_a_pct,1407947423
LC20,1316158839,1,AVL06oh_pct,889497360
LC20,1316158839,1,,5812987413
LC20,1316158839,6,PVL11olb_pct,758938220
LC20,1316158839,1,PVL02c_pct,1006146837
LC20,1316158839,1,AVL06oc_pct,575073147
LC20,1316158839,7,AVL12g_pct,541326096
LC20,1316158839,4,PVL11oc_pct,853437567
LC20,1316158839,1,PDL24e_pct,1036149761
LC20,1316158839,3,AVL06ok_pct,5813068500
LC20,1316158839,1,ADL01y_pct,759586113
LC20,1316158839,4,PDL09oe_pct,884446447
LC20,1316158839,3,PDL09oe_pct,854093627
LC20,1316158839,1,PVL09k_pct,544038294
LC20,1316158839,1,,1347530744
LC20,1316158839,2,MC62,1159611686
LC20,1316158839,1,MC62,5812987415
LC20,1316158839,6,AVL12v_pct,760971727
LC20,1316158839,2,AVL12h_pct,853748581
LC20,1316158839,1,,1252720804
LC20,1316158839,2,AVL12g_pct,851365481
LC20,1316158839,2,ADL29c_pct,673068602
LC20,1316158839,4,PVL03v_pct,882404950
LC20,1316158839,2,LC20,2404077917
LC20,1316158839,1,LC6,1351317122
LC20,1222022960,1,PDL24d_pct,5813056257
LC20,1222022960,1,,789636635
LC20,1222022960,1,LC26,1348248235
LC20,1222022960,1,AVL24e_pct,1782321284
LC20,1222022960,1,LC20,2215809310
LC20,1222022960,1,PVL02c_pct,1006146837
LC20,1222022960,1,,1222022967
LC20,1222022960,1,ADL25a_pct,1198132041
LC20,1222022960,1,PDL09oe_pct,854093627
LC20,1222022960,2,LC20,2310627606
LC20,1222022960,1,,1315800756
LC20,1222022960,2,,5813040731
LC20,1222022960,1,AVM08j_pct,1099964617
LC20,1222022960,1,,5812983722
LC20,1222022960,1,,540001084
LC20,1222022960,1,PDL24e_pct,1036149761
LC20,1222022960,1,MC62,1190646632
LC20,1222022960,1,PDL23g_pct,5813011738
LC20,1222022960,1,,792369310
LC20,1222022960,1,PVL08h_pct,5812980647
LC20,1222022960,1,,1378571083
LC20,1222022960,2,,882062667
LC20,1222022960,1,,945483923
LC20,1222022960,2,AVL06oc_pct,575073147
LC20,1222022960,1,AVL11n_a_pct,1447093754
LC20,1222022960,1,PVL09i_pct,883414342
LC20,1222022960,2,PVL11oc_pct,853437567
LC20,1222022960,1,ADL28e_pct,728912816
LC20,1222022960,1,,5813012753
LC20,1222022960,2,AVL12v_pct,1354972766
LC20,1222022960,4,AVL12m_pct,480608510
LC20,1222022960,1,PVL11oc_pct,1191665829
LC20,1222022960,1,LC25,1382002299
LC20,1222022960,1,PDL20y_pct,5813009790
LC20,1222022960,4,AVL06oh_pct,889497360
LC20,1222022960,1,LC20,5901199075
LC20,1222022960,2,AVL12u_pct,603751637
LC20,1222022960,3,PVL03v_pct,882400424
LC20,1222022960,1,AVL12u_pct,758605646
LC20,1222022960,2,,1378224728
LC20,1222022960,7,AVL12h_pct,853748581
LC20,1222022960,4,AVL12g_pct,5901203557
LC20,1222022960,3,PVL03v_pct,882404950
LC20,1222022960,1,,1969550532
LC20,1222022960,1,LC20,1378570483
LC20,1222022960,1,LC20,1562689878
LC20,1222022960,1,PDL20f_pct,357515217
LC20,1222022960,3,AVL12g_pct,851365481
LC20,1223758589,1,ADL28e_pct,728912816
LC20,1223758589,1,,1374896337
LC20,1223758589,1,aMe17B,5813022272
LC20,1223758589,1,AVL12i_pct,1041015097
LC20,1223758589,1,AVL12i_pct,796098427
LC20,1223758589,1,PVL14e_e_pct,5813014262
LC20,1223758589,1,AVL06ok_pct,796401179
LC20,1223758589,1,LC24,1282693736
LC20,1223758589,1,PDM28q_pct,823063281
LC20,1223758589,2,PDM08oa_pct,821003563
LC20,1223758589,1,AVL12p_pct,1723325346
LC20,1223758589,2,PDM09of_pct,822376419
LC20,1223758589,1,PDL12k_pct,5812981058
LC20,1223758589,1,ADM02g_pct,821344462
LC20,1223758589,1,PDL12j_pct,853100744
LC20,1223758589,1,AVL06oh_pct,858803404
LC20,1223758589,1,,1286859512
LC20,1223758589,2,PVL11v_pct,1190332099
LC20,1223758589,2,PDL09oe_pct,884446447
LC20,1223758589,1,AVM08m_pct,1229521890
LC20,1223758589,1,PVM08t_pct,758588355
LC20,1223758589,1,PVL11ob_pct,574736017
LC20,1223758589,1,PVL14e_a_pct,5812987001
LC20,1223758589,1,ADL01oa_pct,885132185
LC20,1223758589,1,AVL06p_pct,671574812
LC20,1223758589,1,,1846117779
LC20,1223758589,2,AVL06olc_pct,852738675
LC20,1222368547,1,AVL06k_pct,859144723
LC20,1222368547,1,,1190668746
LC20,1222368547,1,PDM06p_pct,5901222683
LC20,1222368547,1,LC28a,1006199303
LC20,1222368547,1,AVL06ok_pct,5813068500
LC20,1222368547,2,LC20,1222022960
LC20,1222368547,1,AVL12h_pct,853748581
LC20,1222368547,1,PDM26r_pct,1314216624
LC20,1222368547,2,AVL12x_pct,1166842528
LC20,1222368547,1,,1190707430
LC20,1222368547,1,PDL20y_pct,389536926
LC20,1222368547,2,,1347530744
LC20,1222368547,1,,5813097615
LC20,1222368547,1,AVL12u_pct,758605646
LC20,1222368547,1,PDL20z_pct,512023157
LC20,1222368547,1,PDL20ob_pct,5813011717
LC20,1222368547,2,ADL09j_pct,5813019807
LC20,1222368547,2,AVM08j_pct,1099964617
LC20,1222368547,1,AVL12x_pct,918549930
LC20,1222368547,1,ADL07f_pct,5813035213
LC20,1222368547,1,AVL24e_pct,5901217539
LC20,1222368547,1,AVL06oh_pct,858803404
LC20,1222368547,1,PDL20e_pct,357863646
LC20,1222368547,3,,387943673
LC20,1222368547,1,PDL09e_pct,885810757
LC20,1222368547,2,ADL20a_pct,449250041
LC20,1222368547,3,PVL17h_pct,5813047655
LC20,1222368547,1,PDL20y_pct,479969106
LC20,1222368547,3,PVL17g_pct,511685969
LC20,1222368547,1,AVL12u_pct,603751637
LC20,1222368547,2,PVL11olb_pct,758938220
LC20,1222368547,1,PDL12f_pct,543766436
LC20,1222368547,1,AVL22f_pct,5813021480
LC20,1222368547,4,AVL06oh_pct,889497360
LC20,1222368547,1,PVL11oc_pct,1191665829
LC20,1253398506,1,PDM08oa_pct,821003563
LC20,1253398506,1,AVL12h_pct,1285223025
LC20,1253398506,1,,1253399307
LC20,1253398506,1,LC20,1315464724
LC20,1253398506,1,AVL06f_pct,453320065
LC20,1253398506,2,,1315469002
LC20,1253398506,1,PVL17h_pct,5813047655
LC20,1253398506,1,PDL09od_pct,1007890985
LC20,1253398506,1,AVL12u_pct,603751637
LC20,1253398506,1,PDL24e_pct,1036149761
LC20,1253398506,1,LC20,1378570483
LC20,1253398506,1,AVL12m_pct,479607153
LC20,1253398506,1,AVL12i_pct,1041015097
LC20,1253398506,1,PVL03ow_pct,1315801005
LC20,1253398506,2,PVL11oc_pct,1191665829
LC20,1253398506,1,,2031616103
LC20,1253398506,1,,944836835
LC20,1253398506,1,aMe20,5813021943
LC20,1253398506,1,LC27,1222696201
LC20,1253398506,2,PDL23g_pct,295461570
LC20,1253398506,1,AVL12m_pct,479607277
LC20,1253398506,1,,5813021492
LC20,1253398506,1,AVL12j_pct,450617762
LC20,1253398506,2,ADL07s_pct,327158831
LC20,1253398506,5,AVL12g_pct,851365481
LC20,1253398506,1,AVL12u_pct,758605646
LC20,1253398506,1,PVL03v_pct,882404950
LC20,1253398506,1,AVM08j_pct,1099964617
LC20,1253398506,1,LC20,1284779082
LC20,1253398506,1,AVL12v_pct,760971727
LC20,1253398506,1,PVL14h_a_pct,5812983499
LC20,1253398506,1,AVL12g_pct,541326096
LC20,1253398506,2,AVL12v_pct,1354972766
LC20,1253398506,1,PDL12k_pct,667538952
LC20,1253398506,1,,5813061403
LC20,1253398506,1,AVL12i_pct,735371535
LC20,1253398506,1,PDL24e_pct,5812980457
LC20,1253398506,2,MC62,5813032755
LC20,1253398506,1,,5812987414
LC20,1253398506,1,AVM08m_pct,1229521890
LC20,1253398506,1,AVL11n_a_pct,1419136956
LC20,1253398506,2,,5813097615
LC20,1253398506,5,AVL12m_pct,480608510
LC20,1253398506,1,PVL14c_pct,857819389
LC20,1253398506,1,aMe17E,5813027248
LC20,1253398506,1,PVM08t_pct,758588355
LC20,1253398506,1,PDL20g_pct,821007911
LC20,1253398506,1,olfactory multi lPN t-mALT,1978573010
LC20,1253398506,1,,1252720804
LC20,1253398506,1,,5813067799
LC20,1253398506,1,,1190668746
LC20,1253398506,1,AVL12i_pct,796098427
LC20,1253398506,6,PVL11olb_pct,758938220
LC20,1253398506,1,,1252945743
LC20,1253398506,6,,1037895459
LC20,1722954501,1,PDL24e_pct,1036149761
LC20,1722954501,1,AVL22f_pct,5812982278
LC20,1722954501,1,PDM13g_pct,790305346
LC20,1722954501,1,PDL09od_pct,1007890985
LC20,1722954501,1,PDL20m_pct,634090169
LC20,1722954501,2,AVL06k_pct,859144723
LC20,1722954501,1,PVL03oc_pct,1318521594
LC20,1722954501,1,AVL06ok_pct,796401179
LC20,1722954501,1,PDM09of_pct,698996246
LC20,1722954501,1,ADL09m_pct,516857964
LC20,1722954501,1,PDL10c_pct,392636270
LC20,1722954501,1,PVL14e_e_pct,5813014262
LC20,1722954501,2,PDL15f_pct,509924185
LC20,1722954501,1,PVL14e_c_pct,914100101
LC20,1722954501,1,AVM18d_pct,701923413
LC20,1722954501,1,PVL11olb_pct,758938220
LC20,1722954501,1,PVL11oa_pct,5813054104
LC20,1722954501,2,AVL06oh_pct,889497360
LC20,1722954501,2,PVL09od_pct,944802835
LC20,1722954501,1,AVL04d_pct,1035459511
LC20,1722954501,1,AVL06z_a_pct,796397791
LC20,1722954501,1,aMe17E,5813027248
LC20,1722954501,2,PDL20i_pct,726836665
LC20,1722954501,3,olfactory multi lPN t-mALT,1978573010
LC20,1722954501,1,PVL14e_d_pct,1408928039
LC20,1722954501,2,AVL22h_pct,1874782886
LC20,1722954501,2,,1037895459
LC20,1722954501,1,AVL12h_pct,669512877
LC20,1722954501,1,,853070023
LC20,1722954501,1,AVL01q_pct,853726809
LC20,1722954501,1,AVL08a_pct,884450920
LC20,1722954501,3,PVL14e_c_pct,883415496
LC20,1722954501,1,PVM08t_pct,758588355
LC20,1722954501,1,AVL12m_pct,480608510
LC20,1722954501,3,PDL09e_pct,885810757
LC20,1722954501,1,,976506780
LC20,1722954501,1,,5813078629
LC20,1722954501,1,PVL09od_pct,883415421
LC20,1722954501,2,AVL06ok_pct,5813068500
LC20,1722954501,5,PDM08oa_pct,821003563
LC20,1722954501,4,AVM08m_pct,5813055340
LC20,1722954501,1,PDL15f_pct,5812980470
LC20,1722954501,2,ADL29c_pct,673068602
LC20,1722954501,2,PVL11oc_pct,853437567
LC20,1722954501,1,PDM12u_pct,545385576
LC20,1283034573,1,,1252582215
LC20,1283034573,1,,1598845133
LC20,1283034573,1,PDM16h_pct,760004504
LC20,1283034573,1,PVM04b_pct,5813021874
LC20,1283034573,1,,1128595133
LC20,1283034573,1,,573065775
LC20,1283034573,1,,1438969068
LC20,1283034573,1,PVL10d_pct,1138587910
LC20,1283034573,1,AVL01j_pct,1346560069
LC20,1283034573,1,ADM01i_a_pct,913810052
LC20,1283034573,1,AVL24d_pct,1629206279
LC20,1283034573,1,PDM26e_pct,1344858936
LC20,1283034573,1,PVL13p_c_pct,1376666208
LC20,1283034573,1,AVL24e_pct,1690602927
LC20,1283034573,1,PDL11e_pct,417221397
LC20,1283034573,1,PVL03w_pct,5813088549
LC20,1283034573,1,PDM23e_pct,971830451
LC20,1283034573,1,PVL21f_pct,1009647986
LC20,1283034573,1,AVM14q_pct,5813053907
LC20,1283034573,3,AVM14oi_pct,915179102
LC20,1283034573,1,,789636635
LC20,1283034573,1,PDM16h_pct,789645810
LC20,1283034573,2,,5813040731
LC20,1283034573,1,,1097645895
LC20,1283034573,1,PVL13p_c_pct,945869060
LC20,1283034573,1,PVM04b_pct,5813021882
LC20,1283034573,1,AVM14k_pct,1191315642
LC20,1283034573,2,PVM12f_pct,5812983878
LC20,1283034573,1,PDL12w_b_pct,794752471
LC20,1283034573,1,,1565730149
LC20,1283034573,1,PDL20h_pct,200326126
LC20,1283034573,1,LC20,2186155295
LC20,1283034573,4,,447872055
LC20,1283034573,1,PDM08oi_pct,5813022375
LC20,1283034573,1,PDM16e_pct,817044778
LC20,1283034573,1,PDM36c_pct,1007256476
LC20,1283034573,1,,1536433916
LC20,1283034573,1,LC20,1782996020
LC20,1283034573,1,PVM01ow_pct,976221301
LC20,1283034573,1,PDM36c_pct,5813022794
LC20,1283034573,1,PVM03q_pct,665820084
LC20,1283034573,1,PVM07j_pct,1282827758
LC20,1283034573,5,,672598344
LC20,1283034573,5,PDM26e_pct,5812987961
LC20,1970598769,1,PDL20z_pct,512023157
LC20,1970598769,1,,1253749024
LC20,1970598769,2,PVL17g_pct,511685969
LC20,1970598769,1,,387943673
LC20,1970598769,1,,759632919
LC20,1970598769,1,ADL07d_pct,727889637
LC20,1970598769,5,AVL06oh_pct,889497360
LC20,1970598769,1,,1378571083
LC20,1970598769,1,,1284783206
LC20,1970598769,1,PDL20g_pct,820662203
LC20,1970598769,1,,5813078062
LC20,1970598769,1,PDL20g_pct,821007911
LC20,1970598769,1,LC20,1222368547
LC20,1970598769,1,,1254089416
LC20,1970598769,1,AVL06oh_pct,858803404
LC20,1970598769,1,AVL12h_pct,1285223025
LC20,1970598769,2,PVL17h_pct,5813047655
LC20,1970598769,1,,5812989767
LC20,1970598769,3,ADL07oo_pct,449241371
LC20,1970598769,1,PVL02f_pct,822393878
LC20,1284779082,1,AVL06k_pct,796743384
LC20,1284779082,1,ADL20a_pct,449250041
LC20,1284779082,1,,387943673
LC20,1284779082,1,PDM13g_pct,790305346
LC20,1284779082,1,PVL19d_pct,1107081827
LC20,1284779082,1,LC20,1347176607
LC20,1284779082,1,PVL03s_pct,5813053783
LC20,1284779082,1,,5813078062
LC20,1284779082,1,,5812983789
LC20,1284779082,3,,5812989767
LC20,1284779082,1,PDM26r_pct,1314216624
LC20,1284779082,1,AVM08j_pct,1099964617
LC20,1284779082,1,,945483923
LC20,1284779082,1,AVL12x_pct,1166842528
LC20,1284779082,2,AVL06oh_pct,858803404
LC20,1284779082,1,,540001084
LC20,1284779082,3,AVL22d_pct,1096894260
LC20,1284779082,1,,1222022554
LC20,1284779082,3,PVL17h_pct,5813047655
LC20,1284779082,2,PVL17g_pct,511685969
LC20,1283031294,1,AVL06x_a_pct,5813090755
LC20,1283031294,1,LC20,1380206312
LC20,1283031294,1,,1439318955
LC20,1283031294,1,,859489809
LC20,1283031294,1,,1261220600
LC20,1283031294,1,PVL08c_pct,1470358604
LC20,1283031294,1,ADM01f_pct,675490017
LC20,1283031294,1,,1282806606
LC20,1283031294,1,LC20,1378587904
LC20,1283031294,4,PVL21d_pct,732077752
LC20,1283031294,1,PVL09k_pct,544038294
LC20,1283031294,1,ADL02t_pct,543692985
LC20,1283031294,1,,1252492824
LC20,1283031294,1,,1313491897
LC20,1283031294,1,AVL06p_pct,671574812
LC20,1283031294,1,PDM06g_c_pct,790741191
LC20,1283031294,1,AVL06d_pct,858458268
LC20,1283031294,3,,2000900656
LC20,1283031294,1,AVL06k_pct,796743384
LC20,1283031294,1,AVL06ok_pct,5813068500
LC20,1283031294,1,AVL06v_f_pct,853097199
LC20,1283031294,1,,1005857873
LC20,1283031294,4,PDL12j_pct,853100744
LC20,1283031294,3,PVL15v_pct,884477487
LC20,1283031294,1,LC20,1408952946
LC20,1283031294,1,PVL15g_pct,1009984360
LC20,1283031294,3,PDM36c_pct,5813022794
LC20,1283031294,2,LC20,1935126292
LC20,1283031294,1,PVL06f_pct,1353047577
LC20,1283031294,2,,1374896337
LC20,1283031294,3,,2001975140
LC20,1283031294,3,LC20,2310627904
LC20,1283031294,4,,1875284107
LC20,1283031294,1,PVM03q_pct,665820084
LC20,1283031294,1,PDL12n_pct,5813023739
LC20,1283031294,1,PVL13m_pct,978643042
LC20,1283031294,1,PDM12u_pct,545385576
LC20,1283031294,1,AVL07z_pct,860910626
LC20,1283031294,1,PVL13j_pct,1192723421
LC20,1283031294,3,LC20,1562689878
LC20,1283031294,7,AVL06v_h_pct,949931381
LC20,1283031294,1,PVM13g_pct,1530412168
LC20,1283031294,1,LC20,2310627347
LC20,1283031294,1,AVL06v_a_pct,514017455
LC20,1283031294,2,AVL06oh_pct,889497360
LC20,1283031294,1,ADL25e_pct,821703262
LC20,1378570483,1,,1252945743
LC20,1378570483,1,LC20,1409604476
LC20,1378570483,1,,1160272479
LC20,1378570483,1,AVL12g_pct,5901203557
LC20,1378570483,1,,1253749024
LC20,1378570483,1,PDL25a_pct,603068370
LC20,1378570483,1,ADL25a_pct,1198132041
LC20,1378570483,1,AVM08j_pct,1099964617
LC20,1378570483,1,ADL09m_pct,516857964
LC20,1378570483,1,AVL06u_pct,389541075
LC20,1378570483,1,LC12,5901203642
LC20,1378570483,1,LC20,2125424856
LC20,1378570483,1,LC20,1378570264
LC20,1378570483,1,PDL26j_pct,542679122
LC20,1378570483,2,PVL03v_pct,882404950
LC20,1378570483,1,PVL11oc_pct,853437567
LC20,1378570483,1,PDM12u_pct,545385576
LC20,1378570483,2,PVL11oc_pct,1191665829
LC20,1378570483,1,,1470997003
LC20,1378570483,1,PDL09oe_pct,854093627
LC20,1378570483,3,AVL12g_pct,851365481
LC20,1378570483,1,PDL09e_pct,885810757
LC20,1378570483,1,AVL06oh_pct,889497360
LC20,1378570483,2,PDL09oe_pct,884446447
LC20,1378570483,3,PVL02c_pct,1006146837
LC20,1378570483,1,LC20,1222022960
LC20,1378570483,2,,882062667
LC20,1378570483,3,AVL12h_pct,853748581
LC20,1378570483,1,,664766439
LC20,1378570483,3,PVL11olb_pct,758938220
LC20,1378570483,4,AVL12h_pct,1285223025
LC20,1378570483,3,AVL12h_pct,669512877
LC20,1378570483,4,AVL06ok_pct,5813068500
LC20,1378570264,1,ADL09m_pct,516857964
LC20,1378570264,1,ADL02t_pct,543692985
LC20,1378570264,1,PVL02c_pct,1006146837
LC20,1378570264,1,LC20,5901199075
LC20,1378570264,1,ADL27e_pct,706831482
LC20,1378570264,1,PDM10od_pct,640691030
LC20,1378570264,1,,1252945743
LC20,1378570264,1,PDM26h_pct,1068302710
LC20,1378570264,1,PDL12f_pct,543766436
LC20,1378570264,1,LC20,1346840451
LC20,1378570264,1,PDL09d_pct,5812983383
LC20,1378570264,2,LC20,2281634861
LC20,1378570264,1,PVL03v_pct,1345855299
LC20,1378570264,1,,5813083794
LC20,1378570264,1,PVL03v_pct,882400424
LC20,1378570264,1,PVL11oc_pct,853437567
LC20,1378570264,1,LC20,1344509330
LC20,1378570264,2,PDL12ola_pct,1005149651
LC20,1378570264,2,AVL04b_a_pct,1098249445
LC20,1378570264,4,PVL03v_pct,882404950
LC20,1378570264,2,PVL11olb_pct,758938220
LC20,1378570264,1,LC20,2310627606
LC20,1378570264,2,AVL12v_pct,1354972766
LC20,1378570264,2,PDM07oc_pct,573402255
LC20,5812994094,1,AVL01ov_pct,5812996662
LC20,5812994094,1,LC20,1408952946
LC20,5812994094,1,,2249597588
LC20,5812994094,1,PDM36c_pct,5813022794
LC20,5812994094,1,AVL06k_pct,796743384
LC20,5812994094,1,PVM03ob_pct,1070379357
LC20,5812994094,1,AVL06v_f_pct,853097199
LC20,5812994094,1,PVM13g_pct,1476778177
LC20,5812994094,1,PVL15v_pct,884477487
LC20,5812994094,1,PDL09i_pct,1227135350
LC20,5812994094,1,AVL07r_pct,945058110
LC20,5812994094,1,PDL12ola_pct,1005149651
LC20,5812994094,2,PVL11olb_pct,758938220
LC20,5812994094,1,PVL21d_pct,732077752
LC20,5812994094,2,ADL12n_pct,917527702
LC20,5812994094,1,PVM01ow_pct,976221301
LC20,5812994094,1,LC20,1380206312
LC20,5812994094,1,AVM06d_pct,5813055298
LC20,5812994094,2,LC20,1408612051
LC20,5812994094,1,PDL12j_pct,853100744
LC20,5812994094,1,PVL11oc_pct,853437567
LC20,5812994094,1,,2249261885
LC20,5812994094,1,LC20,1935126292
LC20,5812994094,1,AVL06v_h_pct,949931381
LC20,5812994094,5,,1875284107
LC20,5812994094,1,AVM14oi_pct,915179102
LC20,5812994094,1,LC20,2310627347
LC20,5812994094,1,,2341653659
LC20,5812994094,2,ADL02t_pct,543692985
LC20,5812994094,1,LC20,2281634861
LC20,1380206312,1,PDL09i_pct,1346896720
LC20,1380206312,1,PVL13m_pct,978643042
LC20,1380206312,1,PVM01q_pct,1226206190
LC20,1380206312,1,LC20,5812994094
LC20,1380206312,1,PVL10w_c_pct,1472715683
LC20,1380206312,1,AVL01oo_pct,5813021911
LC20,1380206312,1,LC20,2094381099
LC20,1380206312,1,PVM13f_pct,1500063929
LC20,1380206312,2,,1875284107
LC20,1380206312,1,,1719695040
LC20,1380206312,1,,2000900656
LC20,1380206312,1,PDM26r_pct,1314216624
LC20,1380206312,1,LC20,2310627904
LC20,1380206312,1,PVL06f_pct,1353047577
LC20,1380206312,1,PVL03v_pct,882400424
LC20,1380206312,2,PVL15v_pct,884477487
LC20,1380206312,2,,1282806606
LC20,1380206312,2,,1315770230
LC20,1380206312,1,LC20,1283031294
LC20,1380206312,1,PDL12n_pct,5813023739
LC20,1380206312,1,AVL12v_pct,1354972766
LC20,1380206312,3,,2249597588
LC20,1380206312,1,AVL06v_f_pct,853097199
LC20,1380206312,1,PVL21d_pct,732077752
LC20,1380206312,1,PDL12ola_pct,1005149651
LC20,1380206312,1,,1221457679
LC20,1380206312,1,PVL09w_pct,1190737748
LC20,1380206312,1,PDL12j_pct,853100744
LC20,1380206312,2,LC20,1690902029
LC20,1380206312,1,AVL01i_pct,1222104921
LC20,1380206312,3,LC20,1688526691
LC20,1316151259,1,PVL11oc_pct,1191665829
LC20,1316151259,1,,1939559376
LC20,1316151259,1,,5813078595
LC20,1316151259,1,AVL06y_pct,1076742501
LC20,1316151259,1,PDL12k_pct,5812981058
LC20,1316151259,1,AVL22d_pct,1096894260
LC20,1316151259,1,PDM13g_pct,790305346
LC20,1316151259,1,PVL11olb_pct,758938220
LC20,1316151259,2,PVL14h_a_pct,5812983499
LC20,1316151259,1,AVL06olc_pct,852738675
LC20,1316151259,1,,792369310
LC20,1316151259,5,AVM08j_pct,1099964617
LC20,1316151259,1,,664766439
LC20,1316151259,1,PDL12k_pct,729957687
LC20,1316151259,1,PDM26r_pct,1314216624
LC20,1316151259,1,AVL06k_pct,796743384
LC20,1316151259,2,AVL06oh_pct,889497360
LC20,1378587904,1,PDL09m_pct,1130714433
LC20,1378587904,1,,5813049499
LC20,1378587904,1,ADL12n_pct,917527702
LC20,1378587904,1,PDM36c_pct,1007256476
LC20,1378587904,2,AVL06v_h_pct,949931381
LC20,1378587904,1,LC20,1283034573
LC20,1378587904,1,,1598845133
LC20,1378587904,2,LC20,1380206312
LC20,1378587904,1,,1255121271
LC20,1378587904,2,PVM03q_pct,665820084
LC20,1378587904,2,AVL06v_f_pct,853097199
LC20,1378587904,1,PDL20b_pct,1251373426
LC20,1378587904,1,PVL13m_pct,978643042
LC20,1378587904,1,PVL01f_pct,1377841477
LC20,1378587904,1,PDM36c_pct,5813022794
LC20,1378587904,1,,2341653659
LC20,1378587904,2,LC20,1690902029
LC20,1378587904,2,,1375232661
LC20,1378587904,1,AVL05d_pct,1252121060
LC20,1378587904,2,,5813133355
LC20,1378587904,1,AVL06y_pct,1076742501
LC20,1378587904,1,,2249597588
LC20,1378587904,1,LC20,1690897627
LC20,1378587904,1,PDL20b_pct,1316945065
LC20,1378587904,3,,1875284107
LC20,1378587904,3,LC20,2181730644
LC20,1378587904,2,ADL25e_pct,821703262
LC20,1378587904,2,ADM01f_pct,767912577
LC20,1378587904,1,LC20,1968877434
LC20,1378587904,1,PVL10d_pct,1138587910
LC20,1378587904,1,PVM07k_pct,1407593231
LC20,1378587904,1,LC20,2094381099
LC20,1378587904,3,PDL12n_pct,5813023739
LC20,1378587904,1,ADM11b_pct,1006876508
LC20,1378587904,1,PDM28q_pct,823063281
LC20,1378587904,4,PDL12j_pct,853100744
LC20,1378587904,1,PDL12w_b_pct,943416162
LC20,1378587904,1,AVL06ou_pct,1376558469
LC20,1378587904,1,PVL10w_c_pct,1190409318
LC20,1378587904,1,LC20,1283031294
LC20,1378587904,4,AVL06v_h_pct,5813065357
LC20,1378587904,4,,1282806606
LC20,1378587904,1,PVM13g_pct,1476778177
LC20,1378587904,1,OA-VUMa7,576825965
LC20,1378587904,1,PVL09c_pct,944146138
LC20,2125424856,1,VP5+ lPN,2069644133
LC20,2125424856,1,PVL03d_pct,881342447
LC20,2125424856,2,AVL04b_a_pct,943412282
LC20,2125424856,2,PVL11oc_pct,1191665829
LC20,2125424856,1,LC20,1407853195
LC20,2125424856,1,AVL04b_a_pct,1098249445
LC20,2125424856,2,PDL12ola_pct,1005149651
LC20,2125424856,1,,794104770
LC20,2125424856,1,PDM27c_pct,5813056028
LC20,2125424856,1,PVL02c_pct,1006146837
LC20,2125424856,1,,2341653659
LC20,2125424856,2,ADL27e_pct,706831482
LC20,1597494148,1,AVL10x_a_pct,796733475
LC20,1597494148,1,LC20,1344509330
LC20,1597494148,1,AVL01ov_pct,5812996662
LC20,1597494148,2,,706176085
LC20,1597494148,1,PVL11k_pct,5813022512
LC20,1597494148,1,,5812998236
LC20,1597494148,1,,1167783603
LC20,1597494148,1,AVL22d_pct,1129306180
LC20,1597494148,1,PDM16h_pct,760004504
LC20,1597494148,1,,1375206889
LC20,1597494148,1,,5813078246
LC20,1597494148,1,PDM16u_pct,1064296296
LC20,1597494148,1,,1438667042
LC20,1597494148,1,PVM12f_pct,5812983878
LC20,1597494148,2,AVM14q_pct,5813053907
LC20,1597494148,4,,447872055
LC20,1597494148,1,AVL01oo_pct,5813021911
LC20,1597494148,1,ADM01i_a_pct,857235574
LC20,1597494148,4,,5813040731
LC20,1597494148,1,PDM26e_pct,1344858936
LC20,1597494148,2,PDL09g_pct,1406911688
LC20,1597494148,1,PDM19m_pct,1189697512
LC20,1597494148,1,PDL21g_pct,853437941
LC20,1597494148,1,AVM14k_pct,1191315642
LC20,1597494148,1,PVL03g_pct,696859758
LC20,1597494148,1,,672598344
LC20,1597494148,1,PDL24ola_pct,545510060
LC20,1597494148,3,PVM08g_b_pct,1441616802
LC20,1597494148,1,PDM23e_pct,971830451
LC20,1597494148,2,PDM19m_pct,1282827358
LC20,1597494148,1,,789636635
LC20,1597494148,1,AVL01j_pct,1346560069
LC20,1597494148,5,PVL21f_pct,1035156343
LC20,1597494148,2,PDM26e_pct,5812987961
LC20,1597494148,1,ADM01ok_pct,488922181
LC20,1597494148,1,,1128576728
LC20,1597494148,2,PVM01ow_pct,976221301
LC20,1597494148,3,PDM08oa_pct,821003563
LC20,1597494148,1,,5813058376
LC20,1597494148,2,AVM14m_pct,1191402226
LC20,1597494148,1,PDM23e_pct,1158691908
LC20,1597494148,3,PVM07j_pct,1282827758
LC20,1597494148,1,AVL01j_pct,1346900360
LC20,1597494148,1,PDM36c_pct,1007256476
LC20,1597494148,1,PVM04b_pct,5813021882
LC20,1597494148,4,AVM08oa_pct,5813011591
LC20,1597494148,1,PVL10d_pct,1138587910
LC20,1597494148,1,PDM08oi_pct,5813022375
LC20,1597494148,6,AVM14oi_pct,915179102
LC20,1438550573,1,PDM19m_pct,1282827358
LC20,1438550573,1,PVM07k_pct,1565488046
LC20,1438550573,1,AVL04x_pct,1529698954
LC20,1438550573,2,PVL10d_pct,1138587910
LC20,1438550573,1,PVL03y_pct,1345860891
LC20,1438550573,1,AVM14m_pct,1191402226
LC20,1438550573,1,PVM12f_pct,5812983878
LC20,1438550573,1,PVL03g_pct,696859758
LC20,1438550573,1,PVM04b_pct,5813021874
LC20,1438550573,1,PDM19m_pct,5901216375
LC20,1438550573,2,AVM08oa_pct,5813011591
LC20,1438550573,2,LC20,1407252557
LC20,1438550573,2,PVM07k_pct,1718438146
LC20,1438550573,1,LC20,1283034573
LC20,1438550573,3,PDM16e_pct,817044778
LC20,1438550573,1,PVL21e_pct,787563782
LC20,1438550573,2,PDM16h_pct,5813015251
LC20,1438550573,2,LC20,2186155295
LC20,1438550573,1,AVL04ola,5813064410
LC20,1438550573,1,PVM10n_pct,821038170
LC20,1438550573,1,PDM08oi_pct,5813022375
LC20,1438550573,3,PDM36c_pct,5813022794
LC20,1438550573,7,,447872055
LC20,1438550573,4,PDM16h_pct,760004504
LC20,1438550573,9,,5813040731
LC20,1438550573,1,,5901205152
LC20,1438550573,2,PDL09g_pct,1406911688
LC20,1438550573,3,PVL21f_pct,1009647986
LC20,1438550573,2,,1221457679
LC20,1438550573,4,AVM14oi_pct,915179102
LC20,1438550573,1,PVL20i_pct,1374900967
LC20,1438550573,7,,672598344
LC20,1438550573,1,AVM08n_pct,1604440343
LC20,1438550573,1,LC20,1846113980
LC20,1438550573,1,ADL07k_pct,886527723
LC20,1438550573,1,PDM26e_pct,1344858936
LC20,1438550573,1,,5812998236
LC20,1438550573,1,PDM16q_pct,1193828958
LC20,1438550573,1,,666847851
LC20,1438550573,1,PVL17g_pct,511685969
LC20,1438550573,2,PVL13p_d_pct,976903657
LC20,1438550573,5,PVM04b_pct,5813021882
LC20,1438550573,3,PDL24ola_pct,545510060
LC20,1438550573,3,ADM01i_a_pct,913810052
LC20,1438550573,1,PDM23e_pct,1251788873
LC20,1438550573,5,AVM14k_pct,1191315642
LC20,1438550573,1,PDM23e_pct,1158691908
LC20,1438550573,1,PVL13p_c_pct,1376666208
LC20,1438550573,1,PDL20r_pct,1009919653
LC20,1438550573,2,LC20,2185822630
LC20,1438550573,3,PVL13p_c_pct,945869060
LC20,1438550573,3,AVM14q_pct,5813053907
LC20,1438550573,4,PDM36c_pct,1007256476
LC20,1438550573,1,,1375206889
LC20,1438550573,1,,789636635
LC20,1438550573,1,PVM01ow_pct,976221301
LC20,1438550573,8,PDM26e_pct,5812987961
LC20,1438550573,1,PDM16h_pct,789645810
LC20,1315819028,1,,759632919
LC20,1315819028,1,AVL12h_pct,669512877
LC20,1315819028,1,AVL06ok_pct,796401179
LC20,1315819028,1,,1468756050
LC20,1315819028,1,PVL02c_pct,1006146837
LC20,1315819028,1,AVM18h_pct,544038123
LC20,1315819028,1,PVL11olb_pct,758938220
LC20,1315819028,1,LC20,1315464724
LC20,1315819028,1,PVL14h_c_pct,2343038967
LC20,1315819028,1,AVL12y_pct,390910102
LC20,1315819028,1,AVL07u_pct,823395525
LC20,1315819028,1,LC20,1378570483
LC20,1315819028,2,AVL06u_pct,389541075
LC20,1315819028,1,,1347526661
LC20,1315819028,1,,1406966879
LC20,1315819028,2,PVL17g_pct,511685969
LC20,1315819028,1,,540001084
LC20,1315819028,2,AVL07r_pct,944720631
LC20,1315819028,1,PVL17h_pct,5813047655
LC20,1315819028,1,,1253399307
LC20,1315819028,1,ADL09j_pct,5813019807
LC20,1315819028,1,,853070023
LC20,1315819028,2,AVL12j_pct,450617762
LC20,1315819028,1,,1253740560
LC20,1315819028,1,PVL09od_pct,944802835
LC20,1315819028,1,ADL02t_pct,543692985
LC20,1315819028,2,,1284783206
LC20,1315819028,4,AVM08j_pct,1099964617
LC20,1315819028,1,ADL02t_pct,452971138
LC20,1346840451,2,,1378224728
LC20,1346840451,1,,1159607159
LC20,1346840451,2,PVL11oc_pct,1191665829
LC20,1346840451,1,AVL12g_pct,851365481
LC20,1346840451,1,aMe17E,5813027248
LC20,1346840451,1,,1222022967
LC20,1346840451,1,MC62,1284097383
LC20,1346840451,1,LC20,2125424856
LC20,1346840451,1,,1037895459
LC20,1346840451,1,,1315477295
LC20,1346840451,1,PDL12w_a_pct,725860918
LC20,1346840451,1,PDL26j_pct,542679122
LC20,1346840451,1,,664766439
LC20,1346840451,1,AVL06ok_pct,796401179
LC20,1346840451,1,PVL17h_pct,5813047655
LC20,1346840451,2,PVL14h_d_pct,1904117032
LC20,1346840451,1,PVL14h_c_pct,2343038967
LC20,1346840451,1,PVL09z_pct,1161688286
LC20,1346840451,1,LC12,1753354584
LC20,1346840451,1,,1877826957
LC20,1346840451,1,PVL03v_pct,882400424
LC20,1346840451,1,LC6,1351317122
LC20,1346840451,1,,1347526661
LC20,1346840451,1,,1347185920
LC20,1346840451,1,LC20,1378571026
LC20,1346840451,1,,944836835
LC20,1346840451,2,AVL12u_pct,603751637
LC20,1346840451,1,,1222018576
LC20,1346840451,1,ADL02t_pct,543692985
LC20,1346840451,1,AVL12h_pct,853748581
LC20,1346840451,2,,540001084
LC20,1346840451,1,AVL12v_pct,760971727
LC20,1346840451,1,,945483923
LC20,1346840451,1,AVL06k_pct,796743384
LC20,1346840451,1,LC20,1315819028
LC20,1346840451,1,,5812982247
LC20,1346840451,1,,1253058351
LC20,1346840451,1,ADL27e_pct,706831482
LC20,1346840451,2,PDL25a_pct,603068370
LC20,1346840451,2,PVL02c_pct,1006146837
LC20,1346840451,1,AVL06of_pct,635501884
LC20,1346840451,3,PVL11oc_pct,853437567
LC20,1346840451,1,AVL12u_pct,758605646
LC20,1346840451,1,PVL03v_pct,882404950
LC20,1346840451,1,,5813067799
LC20,1346840451,3,PDL09oe_pct,854093627
LC20,1346840451,4,AVL12m_pct,480608510
LC20,1346840451,1,,882062667
LC20,1346840451,1,,1630216646
LC20,1346840451,1,,5813058236
LC20,1346840451,1,AVL12g_pct,5901203557
LC20,1346840451,1,AVL07r_pct,945058110
LC20,1346840451,1,,2093732916
LC20,1346840451,2,PVL11olb_pct,758938220
LC20,1346840451,2,AVL06oh_pct,889497360
LC20,1347176607,1,LC20,5901199075
LC20,1347176607,1,,1254473787
LC20,1347176607,1,PVL03v_pct,1345855299
LC20,1347176607,1,PVL03u_pct,635135723
LC20,1347176607,1,AVL12g_pct,541326096
LC20,1347176607,1,,5813040731
LC20,1347176607,1,LC20,2125424856
LC20,1347176607,1,,664766439
LC20,1347176607,1,PDM05b_pct,5813019877
LC20,1347176607,1,,1254089416
LC20,1347176607,2,PDL12w_a_pct,725860918
LC20,1347176607,1,PDL26j_pct,542679122
LC20,1347176607,1,PVL10w_a_pct,1407947423
LC20,1347176607,1,AVL06oh_pct,889497360
LC20,1347176607,3,AVL12v_pct,760971727
LC20,1347176607,2,AVL12i_pct,789623676
LC20,1347176607,2,LC20,1316158839
LC20,1347176607,3,PVL03v_pct,882400424
LC20,1347176607,1,AVL12v_pct,1354972766
LC20,1347176607,4,AVL12g_pct,5901203557
LC20,1347176607,1,,2092343963
LC20,1347176607,1,PVL11oc_pct,1191665829
LC20,1347176607,1,LC20,1687844304
LC20,1347176607,3,PVL03v_pct,882404950
LC20,1347176607,2,AVL06k_pct,859144723
LC20,1347176607,1,,792369310
LC20,1347176607,1,AVL12u_pct,758605646
LC20,1347176607,3,PVL11oc_pct,853437567
LC20,1347176607,2,AVL12m_pct,480608510
LC20,1347176607,6,PVL11olb_pct,758938220
LC20,1347176607,1,,1097623778
LC20,1347176607,1,AVL12h_pct,1285223025
LC20,1347176607,2,ADL09j_pct,5813019807
LC20,1347176607,1,,944836835
LC20,1347176607,2,PDL24e_pct,1036149761
LC20,1347176607,1,PVL14h_b_pct,1439963190
LC20,1347176607,2,PVM08t_pct,758588355
LC20,1347176607,1,,1037895459
LC20,1347176607,1,PVL19d_pct,1107081827
LC20,1347176607,2,LC20,1253398506
LC20,1347176607,1,PDL07b_pct,756502912
LC20,1347176607,1,,1160272479
LC20,1347176607,1,LC20,1346840451
LC20,1347176607,1,PDM06e_pct,672041363
LC20,1347176607,1,PVL09h_pct,1038283107
LC20,1347176607,2,AVM08j_pct,1099964617
LC20,1503677795,1,PDM36c_pct,5813022794
LC20,1503677795,1,AVL04olb,1005857944
LC20,1503677795,1,PVL21f_pct,1035156343
LC20,1503677795,1,LC20,1690935369
LC20,1503677795,2,PDM26e_pct,5812987961
LC20,1503677795,1,AVM14k_pct,1191315642
LC20,1503677795,2,,672598344
LC20,1503677795,1,,5813078595
LC20,1503677795,3,AVM08oa_pct,5813011591
LC20,1503677795,2,AVM14q_pct,5813053907
LC20,1503677795,2,LC20,1469999513
LC20,1503677795,1,,1128595133
LC20,1503677795,2,PVL15v_pct,884477487
LC20,1503677795,1,AVM14oi_pct,915179102
LC20,1503677795,4,PDM26e_pct,1344858936
LC20,1503677795,4,,1221457679
LC20,1503677795,3,,447872055
LC20,1503677795,1,LC20,1966174797
LC20,1503677795,1,ADL01z_pct,5813060781
LC20,1503677795,2,,5813040731
LC20,1503677795,1,AVL01j_pct,1346560069
LC20,1503677795,1,PVL13p_c_pct,945869060
LC20,1503677795,2,PDM23e_pct,910105985
LC20,1503677795,1,PVL21f_pct,1009647986
LC20,1503677795,2,PVM07k_pct,1407593231
LC20,1503677795,4,AVL01j_pct,1346900360
LC20,1503677795,1,PVM07j_pct,1407248169
LC20,1503677795,1,PVL11k_pct,5813022512
LC20,1408612051,1,PDM08oi_pct,5813022375
LC20,1408612051,1,PDL09i_pct,1227135350
LC20,1408612051,1,PVL15y_pct,947582284
LC20,1408612051,1,PVM01ov_pct,1533481571
LC20,1408612051,1,PVL03g_pct,696859758
LC20,1408612051,1,,822351487
LC20,1408612051,1,,2341653659
LC20,1408612051,1,,1155263986
LC20,1408612051,1,AVL12u_pct,603751637
LC20,1408612051,1,LC20,2181730644
LC20,1408612051,2,PVL06f_pct,1353047577
LC20,1408612051,2,LC20,5812994094
LC20,1408612051,1,,2249597588
LC20,1408612051,4,LC20,2310627904
LC20,1408612051,4,AVL06v_f_pct,853097199
LC20,1408612051,1,,1623931398
LC20,1408612051,1,PVL03y_pct,1037237333
LC20,1408612051,1,PDM16b_pct,1038956078
LC20,1408612051,1,PVL11olb_pct,758938220
LC20,1408612051,1,AVL01i_pct,5813068801
LC20,2186155295,1,PDM36c_pct,1007256476
LC20,2186155295,2,PVM12f_pct,5812983878
LC20,2186155295,2,PVM07j_pct,1282827758
LC20,2186155295,1,PDM16h_pct,5813015251
LC20,2186155295,1,PVM10n_pct,821038170
LC20,2186155295,1,,1375206889
LC20,2186155295,2,,5813040731
LC20,2186155295,1,,1536433916
LC20,2186155295,1,PDM16h_pct,760004504
LC20,2186155295,1,,1438667042
LC20,2186155295,2,,1221457679
LC20,2186155295,1,PVL21f_pct,1035156343
LC20,2186155295,1,PDM26e_pct,5812987961
LC20,2186155295,2,AVM08oa_pct,5813011591
LC20,2186155295,1,AVL01j_pct,1346560069
LC20,2186155295,1,,5901205152
LC20,2186155295,1,PVM04b_pct,5813021882
LC20,2186155295,2,LC20,1438550573
LC20,2186155295,1,LC20,1966174797
LC20,2186155295,2,PDM08oi_pct,5813022375
LC20,2186155295,3,PVL20i_pct,1374900967
LC20,2186155295,3,AVM14oi_pct,915179102
LC20,2186155295,1,AVM14q_pct,5813053907
LC20,2186155295,1,PVL03w_pct,1408262076
LC20,2186155295,5,,447872055
LC20,2186155295,2,AVM14k_pct,1191315642
LC20,2186155295,4,PDM26e_pct,1344858936
LC20,2186155295,1,PVL03g_pct,5813115583
LC20,2186155295,1,PVL13p_c_pct,945869060
LC20,2186155295,1,PDM23e_pct,1251788873
LC20,2186155295,4,,672598344
LC20,2186155295,4,PVM04b_pct,5813021874
LC20,2181730644,1,,1128595133
LC20,2181730644,1,PVL09oe_pct,5813098195
LC20,2181730644,1,AVL06k_pct,859144723
LC20,2181730644,1,LC20,1283031294
LC20,2181730644,1,,790668518
LC20,2181730644,1,PVM13g_pct,1476778177
LC20,2181730644,1,LC20,1378587904
LC20,2181730644,1,,1875284107
LC20,2181730644,1,PDL20b_pct,1316945065
LC20,2181730644,1,PDM16t_pct,882421743
LC20,2181730644,1,LC20,1808936407
LC20,2181730644,1,ADM11b_pct,976190756
LC20,2181730644,1,,1562119933
LC20,2181730644,1,PDL10c_pct,392636270
LC20,2181730644,2,ADM11b_pct,1006876508
LC20,2181730644,1,ADL19r_pct,670547617
LC20,2181730644,1,PVL10w_c_pct,1472715683
LC20,2181730644,1,AVL06y_pct,1076742501
LC20,2181730644,1,AVL06v_e_pct,5813011425
LC20,2181730644,2,,1375232661
LC20,2181730644,1,PVL13j_pct,1188004374
LC20,2181730644,1,,1374896337
LC20,2181730644,1,PVL21d_pct,732077752
LC20,2181730644,1,AVM14oi_pct,915179102
LC20,2181730644,3,PVL06f_pct,1353047577
LC20,2181730644,1,LC20,1408612051
LC20,2181730644,1,PVL03f_pct,5813033483
LC20,2181730644,1,,731736853
LC20,2181730644,3,AVL06v_h_pct,949931381
LC20,2181730644,2,,1005857873
LC20,2181730644,1,,1282806606
LC20,2181730644,1,PVM13f_pct,1500063929
LC20,2281634861,1,LC20,7112579856
LC20,2281634861,1,AVL04b_a_pct,1098249445
LC20,2281634861,1,AVL04b_a_pct,943420940
LC20,2281634861,1,PDL12ola_pct,1005149651
LC20,2281634861,1,PVL11oc_pct,853437567
LC20,2281634861,1,,5813078629
LC20,2281634861,1,PVL11oc_pct,1191665829
LC20,2281634861,1,LC20,5901199075
LC20,2281634861,1,LC20,5812994094
LC20,1407853195,1,AVL04b_a_pct,1098249445
LC20,1407853195,1,LC20,2125424856
LC20,1407853195,1,OA-VUMa6,736860990
LC20,1407853195,6,PDL12ola_pct,1005149651
LC20,1407853195,1,LC20,5901199075
LC20,1407853195,2,PVL02c_pct,1006146837
LC20,1407853195,4,PVL11oc_pct,1191665829
LC20,1407853195,1,AVL12h_pct,1285223025
LC20,1808936407,1,PDM17f_pct,1283173461
LC20,1808936407,1,PDM26g_pct,1313512559
LC20,1808936407,1,,1282806606
LC20,1808936407,1,,2000900656
LC20,1808936407,1,ADL24c_pct,389545760
LC20,1808936407,1,PDL12j_pct,853100744
LC20,1808936407,1,PVL10w_c_pct,1472715683
LC20,1808936407,1,PVM03ob_pct,1070379357
LC20,1808936407,1,PVL09k_pct,544038294
LC20,1808936407,1,LC20,1968877434
LC20,1808936407,1,,1005857932
LC20,1808936407,1,,1375232661
LC20,1808936407,1,PDM36c_pct,5813022794
LC20,1808936407,2,,2249597588
LC20,1808936407,2,PVL15y_pct,947582284
LC20,1808936407,1,AVL06ou_pct,1376558469
LC20,1808936407,1,AVM18h_pct,544038123
LC20,1808936407,2,LC20,1690897627
LC20,1808936407,1,PVL15u_pct,5813037804
LC20,1808936407,2,PVL11oc_pct,1191665829
LC20,1808936407,2,,2249261885
LC20,1808936407,2,LC20,1283031294
LC20,1808936407,1,PVL09w_pct,1190737748
LC20,1808936407,1,PDM16t_pct,882421743
LC20,1935126292,1,AVL04b_a_pct,943412282
LC20,1935126292,2,LC20,1690902029
LC20,1935126292,1,PVL10q_a_pct,912732057
LC20,1935126292,1,,1375232661
LC20,1935126292,1,AVM14m_pct,1191402226
LC20,1935126292,1,PVL20g_pct,1005952640
LC20,1935126292,2,PVL10v_a_pct,914475586
LC20,1935126292,2,PVM13f_pct,1500063929
LC20,1935126292,1,LC20,1808936407
LC20,1935126292,1,PVL21d_pct,732077752
LC20,1935126292,1,PDM36c_pct,5813022794
LC20,1935126292,2,LC20,7112579856
LC20,1935126292,1,AVL06v_f_pct,853097199
LC20,1935126292,1,,1282806606
LC20,1935126292,1,PVL06f_pct,1353047577
LC20,1935126292,3,,1875284107
LC20,1935126292,1,LC20,5812994094
LC20,1935126292,1,LC20,1562689878
LC20,1935126292,1,PVL13h_pct,1069291635
LC20,1935126292,1,PDM06g_a_pct,764144161
LC20,1935126292,1,AVL06k_pct,859144723
LC20,1935126292,1,LC20,1380206312
LC20,1935126292,1,LC20,1283031294
LC20,1935126292,2,,2249597588
LC20,2310627606,1,AVM18d_pct,701923413
LC20,2310627606,1,PVL09z_pct,1161688286
LC20,2310627606,1,PDM06p_pct,5901222683
LC20,2310627606,1,AVL04g_pct,5813044501
LC20,2310627606,1,PDL12w_a_pct,725860918
LC20,2310627606,1,,2093732916
LC20,2310627606,3,PDL12ola_pct,1005149651
LC20,2310627606,1,PVL09od_pct,944802835
LC20,2310627606,1,,5813040731
LC20,2310627606,1,PVL03u_pct,1191350690
LC20,2310627606,2,AVL04b_a_pct,943412282
LC20,2310627606,1,AVM14n_pct,1099964441
LC20,2310627606,1,AVL12u_pct,603751637
LC20,2310627606,1,PVL21d_pct,732077752
LC20,2310627606,3,PVL11oc_pct,1191665829
LC20,2310627606,2,ADL25a_pct,1198132041
LC20,2310627606,1,LC20,1378570483
LC20,2310627606,1,LC20,1378570264
LC20,2310627606,2,PVL11oc_pct,853437567
LC20,2310627606,3,PVL11olb_pct,758938220
LC20,2310627606,1,ADL27e_pct,706831482
LC20,2310627606,1,LC20,1409604476
LC20,2310627606,2,AVL04b_a_pct,1098249445
LC20,7112579856,1,AVL06v_e_pct,5813011425
LC20,7112579856,1,AVL06y_pct,952249657
LC20,7112579856,1,,791527493
LC20,7112579856,1,,1319206553
LC20,7112579856,1,PVL10w_c_pct,1472715683
LC20,7112579856,2,,1155263986
LC20,7112579856,1,PVL09d_pct,5813054145
LC20,7112579856,1,,1406966879
LC20,7112579856,1,PDL09a_pct,823374529
LC20,7112579856,1,LC20,2310627904
LC20,7112579856,1,ADM11b_pct,1006876508
LC20,7112579856,1,AVL06k_pct,796743384
LC20,7112579856,1,ADM11b_pct,976190756
LC20,7112579856,1,PDL20r_pct,1009919653
LC20,7112579856,1,LC20,1408952946
LC20,7112579856,3,,1221457679
LC20,7112579856,1,PVL11oc_pct,853437567
LC20,7112579856,1,,675490204
LC20,7112579856,1,AVL06y_pct,1076742501
LC20,7112579856,1,PVM03ob_pct,1070379357
LC20,7112579856,1,PVM03or_pct,5813053957
LC20,7112579856,1,AVL06ok_pct,5813068500
LC20,7112579856,1,,1220416666
LC20,7112579856,2,PVL21d_pct,732077752
LC20,7112579856,1,,1375232661
LC20,7112579856,1,PDL11b_pct,478591447
LC20,7112579856,2,LC29,1374767239
LC20,7112579856,1,PVM07k_pct,1407593231
LC20,7112579856,1,,2249597588
LC20,7112579856,1,LC20,1688526691
LC20,7112579856,1,AVL12x_pct,1166842528
LC20,7112579856,1,ADL02t_pct,543692985
LC20,7112579856,1,PDL09ob_pct,1474062225
LC20,7112579856,2,AVL03q_pct,1009980185
LC20,7112579856,2,PVL15v_pct,884477487
LC20,7112579856,1,PVM13f_pct,1500063929
LC20,7112579856,1,PDM08oa_pct,821003563
LC20,7112579856,1,PVL09w_pct,1221768103
LC20,7112579856,1,PDM36c_pct,1007256476
LC20,7112579856,1,AVL06v_a_pct,514017455
LC20,7112579856,2,PVL03f_pct,5813033483
LC20,7112579856,1,ADM01f_pct,675490017
LC20,7112579856,1,LC20,1690902029
LC20,7112579856,1,PVL01f_pct,1377841477
LC20,7112579856,2,,1439318955
LC20,7112579856,4,AVL06v_h_pct,949931381
LC20,7112579856,1,PVL15u_pct,5813037804
LC20,7112579856,1,AVL06oh_pct,889497360
LC20,7112579856,2,AVL06ou_pct,1376558469
LC20,7112579856,1,PVL03g_pct,5813115583
LC20,7112579856,2,LC20,1378587904
LC20,7112579856,2,ADL01z_pct,5813060781
LC20,7112579856,4,AVL06v_f_pct,853097199
LC20,7112579856,3,PVL06f_pct,1353047577
LC20,7112579856,2,PDM36c_pct,5813022794
LC20,1344509330,1,PVL04ox_pct,974581052
LC20,1344509330,1,PVL10d_pct,1138587910
LC20,1344509330,1,,1006233051
LC20,1344509330,1,LC20,1378587904
LC20,1344509330,1,PVM10n_pct,821038170
LC20,1344509330,1,PDM23e_pct,910105985
LC20,1344509330,2,PDM16e_pct,817044778
LC20,1344509330,1,PDM08oa_pct,821003563
LC20,1344509330,2,PVM12f_pct,5812983878
LC20,1344509330,5,,1221457679
LC20,1344509330,2,PVL13p_d_pct,976903657
LC20,1344509330,1,PDL24ola_pct,545510060
LC20,1344509330,1,PVM07j_pct,1407248169
LC20,1344509330,1,PVL21e_pct,787563782
LC20,1344509330,2,AVM14q_pct,5813053907
LC20,1344509330,3,PDM26e_pct,5812987961
LC20,1344509330,4,PDM08oi_pct,5813022375
LC20,1344509330,3,AVM08oa_pct,5813011591
LC20,1344509330,1,PVL13p_c_pct,945869060
LC20,1344509330,3,PVM04b_pct,5813021874
LC20,1344509330,2,ADL07k_pct,886527723
LC20,1344509330,1,PVL21f_pct,1009647986
LC20,1344509330,5,,447872055
LC20,1344509330,1,AVL01oo_pct,5813021911
LC20,1344509330,2,AVM14m_pct,1191402226
LC20,1344509330,1,PVL03g_pct,5813115583
LC20,1344509330,3,PVM04b_pct,5813021882
LC20,1344509330,8,,672598344
LC20,1344509330,5,AVM14oi_pct,915179102
LC20,1344509330,2,PVL15v_pct,884477487
LC20,1344509330,1,AVM14k_pct,1191315642
LC20,1344509330,1,PDL20r_pct,1009919653
LC20,1344509330,2,,1565730149
LC20,1344509330,7,,669325882
LC20,1344509330,2,PDM16h_pct,5813015251
LC20,1344509330,2,PVM01ow_pct,976221301
LC20,1344509330,3,PDM26e_pct,1344858936
LC20,1344509330,1,,1222259797
LC20,1344509330,1,PDM16h_pct,790335135
LC20,1344509330,2,,5813040731
LC20,5901199267,1,AVM14m_pct,1191402226
LC20,5901199267,1,LC20,1407252557
LC20,5901199267,1,AVL04ola,5813064410
LC20,5901199267,1,,5813078595
LC20,5901199267,2,LC20,1503677795
LC20,5901199267,1,PDM16h_pct,789645810
LC20,5901199267,1,,820334823
LC20,5901199267,1,LC20,2403063724
LC20,5901199267,1,LC20,1966174797
LC20,5901199267,1,PVM10n_pct,821038170
LC20,5901199267,1,PVM04b_pct,5813021874
LC20,5901199267,2,PVM07k_pct,1718438146
LC20,5901199267,2,PDM36c_pct,1007256476
LC20,5901199267,1,AVM14q_pct,5813053907
LC20,5901199267,1,PVM03r_b_pct,1097300368
LC20,5901199267,2,ADL07k_pct,758960629
LC20,5901199267,3,PVL21f_pct,1009647986
LC20,5901199267,1,LC20,5812999529
LC20,5901199267,3,AVM08oa_pct,5813011591
LC20,5901199267,2,PDM19m_pct,1282827358
LC20,5901199267,1,LC20,1438550573
LC20,5901199267,1,ADM01i_a_pct,913810052
LC20,5901199267,1,PVM04b_pct,5813021882
LC20,5901199267,1,PVL03s_pct,5901197700
LC20,5901199267,6,,447872055
LC20,5901199267,4,AVM14oi_pct,915179102
LC20,5901199267,1,ADL01z_pct,5813060781
LC20,5901199267,3,PVL13p_c_pct,945869060
LC20,5901199267,1,,852392901
LC20,5901199267,1,PDM19m_pct,5901216375
LC20,5901199267,4,,1221457679
LC20,5901199267,1,,1438969068
LC20,5901199267,1,PDM16h_pct,5813015251
LC20,5901199267,1,PVL03w_pct,1314820316
LC20,5901199267,1,AVM19b_pct,5813022959
LC20,5901199267,1,PDL20z_pct,512023157
LC20,5901199267,1,PDM23e_pct,1158691908
LC20,5901199267,6,,5813040731
LC20,5901199267,1,PDL18ob,1072063538
LC20,5901199267,1,LC20,1344509330
LC20,5901199267,1,PDM23e_pct,910105985
LC20,5901199267,3,,672598344
LC20,5901199267,3,PVM01ow_pct,976221301
LC20,5901199267,4,PDM26e_pct,1344858936
LC20,5901199267,3,PVM07j_pct,1282827758
LC20,5901199267,5,PDM26e_pct,5812987961
LC20,5901199267,4,PDM08oi_pct,5813022375
LC20,1966174797,1,PVM07j_pct,1282827758
LC20,1966174797,1,AVM14k_pct,1191315642
LC20,1966174797,1,PDM26e_pct,1344858936
LC20,1966174797,1,LC20,2002976113
LC20,1966174797,1,PVL03g_pct,696859758
LC20,1966174797,3,AVM14m_pct,1191402226
LC20,1966174797,1,PDM16q_pct,1193828958
LC20,1966174797,1,ADM01i_c_pct,609281007
LC20,1966174797,1,PVM07j_pct,1407248169
LC20,1966174797,1,,5813078595
LC20,1966174797,2,PVL13p_c_pct,945869060
LC20,1966174797,1,PDM08oi_pct,5813022375
LC20,1966174797,1,,1630216646
LC20,1966174797,1,LC20,2403063724
LC20,1966174797,3,,1221457679
LC20,1966174797,1,,820334823
LC20,1966174797,2,ADL01z_pct,5813060781
LC20,1966174797,1,PVL09c_pct,944146138
LC20,1966174797,2,PVM04b_pct,5813021882
LC20,1966174797,1,PDL20a_pct,1318991216
LC20,1966174797,1,,665160121
LC20,1966174797,2,PDM16h_pct,790335135
LC20,1966174797,1,PVL20i_pct,1374900967
LC20,1966174797,4,,672598344
LC20,1966174797,1,ADL07k_pct,758960629
LC20,1966174797,1,ADM01i_a_pct,488931037
LC20,1966174797,1,PDM23e_pct,1251788873
LC20,1966174797,1,PVM07k_pct,1718438146
LC20,1966174797,1,ADL07k_pct,886527723
LC20,1966174797,4,AVM14oi_pct,915179102
LC20,1966174797,1,,447872055
LC20,1966174797,1,PDM16h_pct,5813015251
LC20,1966174797,1,PVM12f_pct,5812983878
LC20,1966174797,1,AVL01j_pct,1346900360
LC20,1966174797,1,PDM23e_pct,1158691908
LC20,1966174797,1,PDM19m_pct,1282827358
LC20,1966174797,3,,5813040731
LC20,1966174797,1,,1625446695
LC20,1966174797,2,PVL21f_pct,1009647986
LC20,1966174797,1,PDM36c_pct,5813022794
LC20,1966174797,1,PVM04b_pct,5813021874
LC20,1966174797,6,AVM08oa_pct,5813011591
LC20,1966174797,1,ADM01i_a_pct,551004984
LC20,1966174797,1,PVL13p_d_pct,976903657
LC20,1966174797,1,PDL24ola_pct,545510060
LC20,1966174797,4,PDM26e_pct,5812987961
LC20,2404077917,1,PVL11olb_pct,758938220
LC20,2404077917,1,PDL12ola_pct,1005149651
LC20,2404077917,1,,1252945743
LC20,2404077917,1,,1066830763
LC20,2404077917,1,PDM08oa_pct,821003563
LC20,2404077917,1,PDM06q_pct,674427795
LC20,2404077917,1,,1378571083
LC20,2404077917,2,LC20,2310627606
LC20,2404077917,1,ADL24c_pct,389545760
LC20,2404077917,1,PVL03u_pct,1191350690
LC20,2404077917,1,PVL03v_pct,882404950
LC20,2404077917,3,PVL11oc_pct,1191665829
LC20,2404077917,2,PVL02c_pct,1006146837
LC20,2404077917,2,PVL11oc_pct,853437567
LC20,2404077917,2,AVL04b_a_pct,1098249445
LC20,1409604476,1,AVL04b_a_pct,943412282
LC20,1409604476,2,AVM14n_pct,1099964441
LC20,1409604476,1,PDL12ola_pct,1005149651
LC20,1409604476,1,AVL04b_a_pct,1098249445
LC20,1409604476,2,PVL11oc_pct,1191665829
LC20,1409604476,2,LC20,1378571026
LC20,1408952946,1,,1221457679
LC20,1408952946,1,PVL21d_pct,732077752
LC20,1408952946,1,PDM08z_pct,604791287
LC20,1408952946,1,,1406966879
LC20,1408952946,1,LC20,1968877434
LC20,1408952946,1,PVL03f_pct,1501371238
LC20,1408952946,1,AVL12x_pct,1166842528
LC20,1408952946,1,LC20,1938175243
LC20,1408952946,1,AVL06v_f_pct,853097199
LC20,1408952946,2,PDL12j_pct,853100744
LC20,1408952946,1,PVM13f_pct,1500063929
LC20,1408952946,1,LC20,5901207252
LC20,1408952946,1,ADM01j_a_pct,737218550
LC20,1408952946,1,LC20,1690897627
LC20,1408952946,1,PDM06g_a_pct,5813081849
LC20,1408952946,1,PVM01ow_pct,976221301
LC20,1408952946,2,LC20,1562689878
LC20,1408952946,2,AVL06v_a_pct,514017455
LC20,1408952946,1,,2341653659
LC20,1377905517,1,PDM06e_pct,672041363
LC20,1377905517,1,,5813078629
LC20,1377905517,3,AVL04b_a_pct,943412282
LC20,1377905517,4,PVL11oc_pct,853437567
LC20,1377905517,1,AVL04b_a_pct,943420940
LC20,1377905517,1,ADL27e_pct,706831482
LC20,1377905517,3,AVL04b_a_pct,1098249445
LC20,1377905517,2,PVL02c_pct,1006146837
LC20,1377905517,2,PDL12ola_pct,1005149651
LC20,1377905517,1,VP5 + VP2 lPN,2100010400
LC20,1562689878,1,LC20,2094381099
LC20,1562689878,1,PVL21d_pct,732077752
LC20,1562689878,1,PVL11k_pct,5813022512
LC20,1562689878,1,PVL11z_pct,728205616
LC20,1562689878,1,,1875284107
LC20,1562689878,1,AVL06v_h_pct,5813065357
LC20,1562689878,1,AVL12h_pct,853748581
LC20,1562689878,1,LC20,1688526691
LC20,1562689878,1,PVL13j_pct,1192723421
LC20,1562689878,1,,1282806606
LC20,1562689878,1,PVL03m_pct,1005857954
LC20,1562689878,2,AVL06v_f_pct,853097199
LC20,1562689878,1,PDM36c_pct,5813022794
LC20,1562689878,1,AVL06p_pct,671574812
LC20,1562689878,1,LC20,1408952946
LC20,1562689878,1,PDL09i_pct,1227135350
LC20,1562689878,2,PVL06f_pct,1353047577
LC20,1562689878,1,,1534042411
LC20,1562689878,1,,1532648307
LC20,1562689878,1,AVM08m_pct,5813076344
LC20,1562689878,2,AVL06oh_pct,858803404
LC20,1562689878,1,,1406966879
LC20,1562689878,1,LC20,7112579856
LC20,1562689878,1,,669325882
LC20,1562689878,1,LC20,1380206312
LC20,1562689878,1,PVM03ob_pct,1070379357
LC20,1562689878,1,PVL11ob_pct,574736017
LC20,1562689878,1,,543702551
LC20,1562689878,1,AVL06v_h_pct,949931381
LC20,1562689878,1,AVL06y_pct,1076742501
LC20,1562689878,2,LC20,1408612051
LC20,1562689878,2,,2249597588
LC20,1562689878,1,,1440635558
LC20,1562689878,1,PDL12w_b_pct,943416162
LC20,1562689878,1,LC20,2310627347
LC20,1562689878,1,PVL03f_pct,5813033483
LC20,1690902029,1,,2249597588
LC20,1690902029,1,ADL07g_pct,790313423
LC20,1690902029,1,LC20,1380206312
LC20,1690902029,1,,1875284107
LC20,1690902029,1,AVL06ou_pct,1376558469
LC20,1690902029,1,PDM36c_pct,1007256476
LC20,1690902029,1,,1315770230
LC20,1690902029,1,AVL06x_a_pct,5813090755
LC20,1690902029,1,PDL20r_pct,1009919653
LC20,1690902029,1,PVM03ob_pct,1070379357
LC20,1690902029,2,PVL10w_a_pct,1407947423
LC20,1690902029,1,PVM07k_pct,1407593231
LC20,1690902029,1,LC20,2310627347
LC20,1690902029,1,PDM26h_pct,1068302710
LC20,1690902029,1,,2341653659
LC20,1690902029,3,LC20,1378587904
LC20,1690902029,1,AVL06v_h_pct,949931381
LC20,1690902029,1,PDM36c_pct,5813022794
LC20,1690902029,2,LC20,1283031294
LC20,1690902029,1,LC20,1935126292
LC20,1690902029,1,PDL12n_pct,5813023739
LC20,1690902029,1,PVM03q_pct,665820084
LC20,1690902029,1,,1221457679
LC20,1690902029,3,PVL15v_pct,884477487
LC20,1690902029,2,PVL21d_pct,732077752
LC20,1690902029,1,AVL06v_f_pct,853097199
LC20,1690902029,2,PVL06f_pct,1353047577
LC20,1690902029,1,PDM26g_pct,1313512559
LC20,1690902029,2,PDL12ola_pct,1005149651
LC20,1690902029,2,PVM13f_pct,1500063929
LC20,5901207252,1,PDM19m_pct,1189697512
LC20,5901207252,1,AVL01j_pct,1346560069
LC20,5901207252,2,PDL09g_pct,1406911688
LC20,5901207252,1,PVL03w_pct,5813088549
LC20,5901207252,1,,1438667042
LC20,5901207252,2,AVL06ou_pct,1376558469
LC20,5901207252,1,,1345519875
LC20,5901207252,1,AVL10x_a_pct,796733475
LC20,5901207252,2,PVL10d_pct,1138587910
LC20,5901207252,1,,5813083421
LC20,5901207252,1,PDM16h_pct,760004504
LC20,5901207252,3,PVM03ob_pct,1070379357
LC20,5901207252,3,PDM36c_pct,1007256476
LC20,5901207252,1,PDM23e_pct,910105985
LC20,5901207252,2,AVL01j_pct,1346900360
LC20,5901207252,1,,1005861838
LC20,5901207252,3,PVL21f_pct,1035156343
LC20,5901207252,1,PVL21e_pct,787563782
LC20,5901207252,2,PDM26e_pct,5812987961
LC20,5901207252,1,PVM03q_pct,665820084
LC20,5901207252,1,AVM14m_pct,1191402226
LC20,5901207252,1,,1753998191
LC20,5901207252,2,PDM16h_pct,790335135
LC20,5901207252,1,AVM19b_pct,5813022959
LC20,5901207252,1,LC20,2403063724
LC20,5901207252,1,PVL21f_pct,1009647986
LC20,5901207252,1,,1625446695
LC20,5901207252,3,AVM14k_pct,1191315642
LC20,5901207252,1,PVM07j_pct,1282827758
LC20,5901207252,2,AVM14q_pct,5813053907
LC20,5901207252,2,PDM08oi_pct,5813022375
LC20,5901207252,2,AVM14oi_pct,915179102
LC20,5901207252,4,,5813040731
LC20,5901207252,1,,447872055
LC20,5901207252,5,AVM08oa_pct,5813011591
LC20,5901207252,6,,1221457679
LC20,5901207252,1,LC20,5901199267
LC20,5901207252,1,PVM07k_pct,1565488046
LC20,5901207252,1,PDM36c_pct,5813022794
LC20,5901207252,1,PVM07k_pct,1718438146
LC20,5901207252,1,PDM26e_pct,1344858936
LC20,5901207252,2,PVL03w_pct,1408262076
LC20,2310627347,1,AVL04b_a_pct,943412282
LC20,2310627347,1,,1623931398
LC20,2310627347,1,,1261220600
LC20,2310627347,1,PDL12w_a_pct,725860918
LC20,2310627347,2,LC20,5812994094
LC20,2310627347,2,PVM13f_pct,1500063929
LC20,2310627347,1,,5813061112
LC20,2310627347,1,,1439318955
LC20,2310627347,1,LC15,5813130156
LC20,2310627347,1,,1875284107
LC20,2310627347,2,AVL06v_h_pct,949931381
LC20,2310627347,1,ADM11b_pct,1006876508
LC20,2310627347,1,,1656921442
LC20,2310627347,2,PDM36c_pct,5813022794
LC20,2310627347,1,LC20,1562689878
LC20,1378571026,1,PVL02c_pct,1006146837
LC20,1378571026,2,LC20,1409604476
LC20,1378571026,1,PVL11oc_pct,1191665829
LC20,1378571026,1,PDL12ola_pct,1005149651
LC20,1378571026,1,AVL04b_a_pct,943420940
LC20,1378571026,1,LC20,1407853195
LC20,1378571026,3,ADL25a_pct,1198132041
LC20,1378571026,2,AVL04b_a_pct,943412282
LC20,2094381099,1,PVL03u_pct,1191350690
LC20,2094381099,1,,2000900656
LC20,2094381099,1,ADL05a_pct,5813078261
LC20,2094381099,1,PVM01v_pct,1313175597
LC20,2094381099,1,LC20,2310627347
LC20,2094381099,1,LC20,1562689878
LC20,2094381099,1,ADL02t_pct,543692985
LC20,2094381099,1,LC20,1935126292
LC20,2094381099,1,,2341653659
LC20,2094381099,1,PVL03m_pct,1005857954
LC20,2094381099,2,PVL03f_pct,5813033483
LC20,2094381099,1,PDL12n_pct,5813023739
LC20,2094381099,2,LC20,1408612051
LC20,2094381099,1,PVL10v_b_pct,1099333424
LC20,2094381099,1,ADL07e_pct,696850811
LC20,2094381099,1,,1439318955
LC20,1688526691,1,AVL06p_pct,671574812
LC20,1688526691,2,PDM36c_pct,5813022794
LC20,1688526691,1,LC20,1562689878
LC20,1688526691,1,PVL01f_pct,1377841477
LC20,1688526691,1,LC29,1408966145
LC20,1688526691,1,PDL12ola_pct,1005149651
LC20,1688526691,1,ADM11b_pct,1006876508
LC20,1688526691,2,,1875284107
LC20,1688526691,1,PVM03ob_pct,1070379357
LC20,1688526691,1,LC20,1808936407
LC20,1688526691,1,PVM01ov_pct,1533481571
LC20,1688526691,1,AVL06ou_pct,1376558469
LC20,1688526691,1,PVL13m_pct,978643042
LC20,1688526691,1,AVM08f_pct,1508149851
LC20,1688526691,1,,1282806606
LC20,1688526691,1,,790668518
LC20,1688526691,1,,1221457679
LC20,1688526691,1,PVL11oc_pct,853437567
LC20,1688526691,2,PVL21d_pct,732077752
LC20,1688526691,1,,1439318955
LC20,1688526691,1,PVL13j_pct,1192723421
LC20,1688526691,1,AVL06k_pct,859144723
LC20,1688526691,3,PVL15v_pct,884477487
LC20,1688526691,1,AVL10x_a_pct,796733475
LC20,1688526691,3,AVL06v_f_pct,853097199
LC20,1688526691,1,LC20,7112579856
LC20,1688526691,4,LC20,1380206312
LC20,1688526691,1,AVL06k_pct,796743384
LC20,1688526691,2,PVL07j_pct,5813047489
LC20,1688526691,2,,1128676181
LC20,1688526691,1,ADL01ot_pct,1321564092
LC20,1688526691,1,PVM01q_pct,1226206190
LC20,1688526691,3,,1406966879
LC20,5901199075,1,LC20,1407853195
LC20,5901199075,1,PVL11oc_pct,853437567
LC20,5901199075,1,,1969550532
LC20,5901199075,1,LC20,1378570264
LC20,5901199075,2,AVL04b_a_pct,1098249445
LC20,5901199075,1,PVL02c_pct,1006146837
LC20,1690897627,1,LC20,1808936407
LC20,1690897627,2,PDL12y_pct,1501729681
LC20,1690897627,1,PVL03ow_pct,1315801005
LC20,1690897627,1,PVL15v_pct,884477487
LC20,1690897627,1,PVL10w_c_pct,1472715683
LC20,1690897627,1,,2249597588
LC20,1690897627,1,AVL16d_pct,915105429
LC20,1690897627,1,AVL06k_pct,796743384
LC20,1690897627,1,,791527493
LC20,1690897627,1,PVL21d_pct,732077752
LC20,1690897627,1,LC20,1378587904
LC20,1690897627,1,LC20,1690902029
LC20,1690897627,1,LC20,1408952946
LC20,1690897627,1,PDM26g_pct,1313512559
LC20,1690897627,1,PDL12w_b_pct,943416162
LC20,1690897627,1,AVL06v_f_pct,853097199
LC20,1690897627,1,ADL07g_pct,790313423
LC20,1690897627,1,,1282806606
LC20,1690897627,1,PDM36c_pct,5813022794
LC20,1690897627,1,AVL06k_pct,859144723
LC20,1690897627,1,LC20,1380206312
LC20,1690897627,1,PDM36c_pct,1007256476
LC20,1690897627,4,,1875284107
LC20,1690897627,1,ADL02u_pct,1439979802
LC20,1407597098,1,,1282806606
LC20,1407597098,1,AVL06v_h_pct,949931381
LC20,1407597098,1,AVL06k_pct,859144723
LC20,1407597098,1,LC20,1968877434
LC20,1407597098,1,PVM13f_pct,1500063929
LC20,1407597098,1,,1875284107
LC20,1407597098,2,PDM36c_pct,1007256476
LC20,1407597098,1,AVL06v_f_pct,853097199
LC20,2185822630,1,PDL24ola_pct,545510060
LC20,2185822630,1,AVL06ou_pct,1376558469
LC20,2185822630,1,,1224523027
LC20,2185822630,1,,852738302
LC20,2185822630,2,PVL21f_pct,1035156343
LC20,2185822630,1,PDM36c_pct,5813022794
LC20,2185822630,1,LC20,5901199267
LC20,2185822630,1,PDM26e_pct,5812987961
LC20,2185822630,1,LC20,1283034573
LC20,2185822630,1,LC20,2403063724
LC20,2185822630,1,LC20,1438550573
LC20,2185822630,1,AVM14oi_pct,915179102
LC20,2185822630,1,PVL21e_pct,787563782
LC20,2185822630,3,PVM04b_pct,5813021882
LC20,2185822630,1,PVM01ow_pct,976221301
LC20,2185822630,1,PDM16h_pct,789645810
LC20,2185822630,1,PVL21f_pct,1009647986
LC20,2185822630,1,PDM26e_pct,1344858936
LC20,2185822630,1,,5901205152
LC20,2185822630,1,LC20,1968872215
LC20,2185822630,1,,791527493
LC20,2185822630,1,AVL24e_pct,1782321284
LC20,2185822630,1,PDM16e_pct,817044778
LC20,2185822630,2,PDM16h_pct,790335135
LC20,2185822630,1,PDM23e_pct,1158691908
LC20,2185822630,2,PDM23e_pct,1251788873
LC20,2185822630,7,,5813040731
LC20,2185822630,2,PVL10d_pct,1138587910
LC20,2185822630,1,AVL04olb,1005857944
LC20,2185822630,3,AVM14q_pct,5813053907
LC20,2185822630,1,PDM36c_pct,1007256476
LC20,2185822630,1,PVM07k_pct,1718438146
LC20,2185822630,2,AVM14k_pct,1191315642
LC20,2185822630,4,,447872055
LC20,2185822630,2,,672598344
LC20,2185822630,3,,1375206889
LC20,2185822630,4,,1221457679
LC20,2185822630,1,LC20,5812999529
LC20,2185822630,1,ADL07k_pct,886527723
LC20,2185822630,4,AVM08oa_pct,5813011591
LC20,2185822630,1,PVL20i_pct,1374900967
LC20,2185822630,1,,1097645895
LC20,1846113980,1,AVL04m_pct,915503330
LC20,1846113980,1,PDM19m_pct,1189697512
LC20,1846113980,1,PDM16h_pct,760004504
LC20,1846113980,1,,5813040731
LC20,1846113980,1,,1469663014
LC20,1846113980,3,AVM14oi_pct,915179102
LC20,1846113980,1,PVM12f_pct,5812983878
LC20,1846113980,1,AVL24e_pct,1690602927
LC20,1846113980,2,,5812998236
LC20,1846113980,2,PDM26e_pct,5812987961
LC20,1846113980,1,PVM07j_pct,1282827758
LC20,1846113980,1,,1536433916
LC20,1846113980,1,,1565730149
LC20,1846113980,1,PVM04b_pct,5813021882
LC20,1846113980,1,PVL03y_pct,943809606
LC20,1846113980,1,PVM07k_pct,1718438146
LC20,1846113980,2,,447872055
LC20,1846113980,1,aMe17C,1128235633
LC20,1846113980,1,PVL21f_pct,1035156343
LC20,1846113980,1,PVM07j_pct,1407248169
LC20,1846113980,1,PVL20d_pct,419907780
LC20,1846113980,3,,1221457679
LC20,1846113980,1,PDM36c_pct,1007256476
LC20,1846113980,1,PDM19m_pct,5901216375
LC20,1846113980,3,PDM26e_pct,1344858936
LC20,1846113980,2,AVM14m_pct,1191402226
LC20,1749944256,1,,665160121
LC20,1749944256,1,AVM14k_pct,1191315642
LC20,1749944256,1,PDL20z_pct,512023157
LC20,1749944256,1,LC20,1440972629
LC20,1749944256,1,PVM03q_pct,665820084
LC20,1749944256,1,PDM23e_pct,1158691908
LC20,1749944256,1,PDM13f_pct,1097637653
LC20,1749944256,1,PVM12f_pct,5812983878
LC20,1749944256,1,,1221457679
LC20,1749944256,1,PVL21f_pct,1009647986
LC20,1749944256,1,PDM08oa_pct,821003563
LC20,1749944256,2,PDM26e_pct,1344858936
LC20,1749944256,4,AVM08oa_pct,5813011591
LC20,1749944256,3,ADL01z_pct,5813060781
LC20,1749944256,1,AVM14q_pct,5813053907
LC20,1749944256,1,AVL04olb,1005857944
LC20,1749944256,1,LC20,5901207252
LC20,1749944256,1,,1753998191
LC20,1749944256,1,LC20,1966174797
LC20,1749944256,1,,1438969068
LC20,1749944256,2,ADM01i_a_pct,913810052
LC20,1749944256,2,AVM14oi_pct,915179102
LC20,1749944256,3,PDM16h_pct,790335135
LC20,1749944256,1,,1625446695
LC20,1749944256,2,,5813040731
LC20,1749944256,1,,706176085
LC20,1749944256,1,ADL07k_pct,758960629
LC20,1749944256,2,PDM36c_pct,1007256476
LC20,1749944256,2,ADM01i_a_pct,551004984
LC20,1749944256,2,PDM26e_pct,5812987961
LC20,1749944256,2,PVL10d_pct,1138587910
LC20,1749944256,2,LC20,5901199267
LC20,1749944256,4,PVM04b_pct,5813021882
LC20,1407252557,2,,1221457679
LC20,1407252557,1,PVM07j_pct,1282827758
LC20,1407252557,2,,669325882
LC20,1407252557,1,,791527493
LC20,1407252557,1,PVL21e_pct,787563782
LC20,1407252557,1,PVL03g_pct,5813115583
LC20,1407252557,1,PVM01ow_pct,976221301
LC20,1407252557,1,LC20,1438550573
LC20,1407252557,1,PVL13p_c_pct,945869060
LC20,1407252557,1,PDM26e_pct,1344858936
LC20,1407252557,2,LC20,5901199267
LC20,1407252557,1,,1440696132
LC20,1407252557,1,PDM36c_pct,1007256476
LC20,1407252557,1,,912601209
LC20,1407252557,3,AVM14oi_pct,915179102
LC20,1407252557,1,PDM36c_pct,5813022794
LC20,1407252557,2,,447872055
LC20,1407252557,1,PDM08oi_pct,5813022375
LC20,1407252557,1,PVL20i_pct,1374900967
LC20,1407252557,3,AVM14k_pct,1191315642
LC20,1407252557,1,ADL01z_pct,5813060781
LC20,1407252557,2,PVL15v_pct,884477487
LC20,1407252557,5,,5813040731
LC20,1407252557,1,AVM14m_pct,1191402226
LC20,1407252557,1,PVM07k_pct,1718438146
LC20,1407252557,3,PVL21f_pct,1009647986
LC20,1407252557,1,AVL01j_pct,1346560069
LC20,1407252557,2,PVM07k_pct,1565488046
LC20,1407252557,3,PDM26e_pct,5812987961
LC20,1407252557,1,PVM03q_pct,665820084
LC20,1407252557,4,AVM14q_pct,5813053907
LC20,1873734612,1,PVM01j_pct,5813013339
LC20,1873734612,2,AVL01j_pct,1346900360
LC20,1873734612,1,AVM14oi_pct,915179102
LC20,1873734612,1,LC20,5901199267
LC20,1873734612,3,AVM14m_pct,1191402226
LC20,1873734612,2,PDM36c_pct,1007256476
LC20,1873734612,1,LC20,2186155295
LC20,1873734612,1,AVM14q_pct,5813053907
LC20,1873734612,1,,912601209
LC20,1873734612,1,,5813078629
LC20,1873734612,3,AVM08oa_pct,5813011591
LC20,1873734612,1,,791527493
LC20,1873734612,2,,447872055
LC20,1873734612,1,PDL20r_pct,1009919653
LC20,1873734612,1,AVL01j_pct,1346560069
LC20,1873734612,1,PDM19m_pct,1282827358
LC20,1873734612,1,PVM07k_pct,1407593231
LC20,1873734612,1,,665160121
LC20,1873734612,1,PVM12f_pct,5812983878
LC20,1873734612,1,LC20,5901207252
LC20,1873734612,1,PDM16h_pct,760004504
LC20,1873734612,1,AVM14k_pct,1191315642
LC20,1873734612,1,PVM04b_pct,5813021882
LC20,1873734612,5,,5813040731
LC20,1873734612,3,,1221457679
LC20,1873734612,1,PVM04b_pct,5813021874
LC20,1873734612,1,LC20,1344509330
LC20,1873734612,5,PVL21f_pct,1009647986
LC20,1873734612,1,PDM16e_pct,817044778
LC20,1873734612,2,PVL10d_pct,1138587910
LC20,1938175243,1,LC20,1378587904
LC20,1938175243,1,LC20,1690902029
LC20,1938175243,1,PVL03m_pct,1005857954
LC20,1938175243,1,PVM07j_pct,1282827758
LC20,1938175243,1,LC20,2310627347
LC20,1938175243,3,PDM36c_pct,5813022794
LC20,1938175243,1,,2249597588
LC20,1938175243,1,,1128676181
LC20,1938175243,1,PDL10c_pct,392636270
LC20,1938175243,2,PVL21d_pct,732077752
LC20,1938175243,1,,2000900656
LC20,1938175243,3,PVL06f_pct,1353047577
LC20,1938175243,2,AVL06v_h_pct,949931381
LC20,1938175243,1,PVL15v_pct,884477487
LC20,1968877434,1,,2249261885
LC20,1968877434,1,ADM01f_pct,675490017
LC20,1968877434,1,,1439318955
LC20,1968877434,1,,1282806606
LC20,1968877434,1,PVM03ob_pct,1070379357
LC20,1968877434,2,AVM08m_pct,1229521890
LC20,1968877434,1,AVL06x_a_pct,1106405354
LC20,1968877434,1,PVL21d_pct,732077752
LC20,1968877434,1,PVL15v_pct,884477487
LC20,1968877434,1,PVL15y_pct,947582284
LC20,1968877434,1,LC20,1380206312
LC20,1968877434,1,LC20,1408952946
LC20,1968877434,1,PDL12ola_pct,1005149651
LC20,1968877434,1,PVL15g_pct,1009984360
LC20,1968877434,1,AVL18i_pct,329897255
LC20,1968877434,1,,1406966879
LC20,2310627904,1,PVL06f_pct,1353047577
LC20,2310627904,1,PVL10w_a_pct,1407947423
LC20,2310627904,1,ADM11b_pct,1006876508
LC20,2310627904,1,PDM06g_a_pct,764144161
LC20,2310627904,2,,1282806606
LC20,2310627904,1,LC20,1562689878
LC20,2310627904,1,,1313491897
LC20,2310627904,1,AVL06v_h_pct,5813065357
LC20,2310627904,1,ADL02t_pct,543692985
LC20,2310627904,1,LC20,1283031294
LC20,2310627904,1,PDM36c_pct,5813022794
LC20,2310627904,2,LC20,1408612051
LC20,2310627904,1,PDM36c_pct,1007256476
LC20,2310627904,1,PDL09i_pct,1346896720
LC20,2310627904,1,LC20,1407597098
LC20,2310627904,1,PVL21d_pct,732077752
LC20,2310627904,1,PVL15v_pct,884477487
LC20,2403063724,1,LC20,1749944256
LC20,2403063724,1,,1753998191
LC20,2403063724,1,PVL09c_pct,944146138
LC20,2403063724,1,LC20,1873734612
LC20,2403063724,2,PVL21f_pct,1035156343
LC20,2403063724,1,,791527493
LC20,2403063724,1,LC20,5901199267
LC20,2403063724,1,,5901205152
LC20,2403063724,1,,1255121271
LC20,2403063724,1,,5813061112
LC20,2403063724,1,PVM07j_pct,1282827758
LC20,2403063724,1,,665160121
LC20,2403063724,2,LC20,1283034573
LC20,2403063724,2,AVM14m_pct,1191402226
LC20,2403063724,1,LC20,1503677795
LC20,2403063724,2,AVM08oa_pct,5813011591
LC20,2403063724,1,ADL07k_pct,886527723
LC20,2403063724,1,LC20,5901207252
LC20,2403063724,1,PDM16h_pct,790335135
LC20,2403063724,1,Li,2153726292
LC20,2403063724,1,PDM19m_pct,1189697512
LC20,2403063724,1,,5813058376
LC20,2403063724,1,LC15,5813078658
LC20,2403063724,1,,1375206889
LC20,2403063724,1,PDM16h_pct,789645810
LC20,2403063724,1,LC20,1966174797
LC20,2403063724,1,LC20,5812999529
LC20,2403063724,3,PDM36c_pct,5813022794
LC20,2403063724,2,PDM23e_pct,1158691908
LC20,2403063724,1,,1256490706
LC20,2403063724,1,,1347177411
LC20,2403063724,1,LC20,1378587904
LC20,2403063724,1,LC25,1748222538
LC20,2403063724,1,,672598344
LC20,2403063724,1,,1438969068
LC20,2403063724,2,PDM26e_pct,5812987961
LC20,2403063724,2,PDM26e_pct,1344858936
LC20,2403063724,1,PVL13p_c_pct,945869060
LC20,2403063724,2,ADM01i_a_pct,913810052
LC20,2403063724,1,,706176085
LC20,2403063724,1,PDL09g_pct,1406911688
LC20,2403063724,2,AVM14k_pct,1191315642
LC20,2403063724,1,PDM23e_pct,1251788873
LC20,2403063724,2,,5813040731
LC20,2403063724,4,,1221457679
LC20,2403063724,1,PVL21e_pct,787563782
LC20,2403063724,1,,669325882
LC20,2403063724,2,LC20,1440972629
LC20,1469999513,1,PDM08oi_pct,5813022375
LC20,1469999513,1,,1375206889
LC20,1469999513,2,,672598344
LC20,1469999513,1,PDM36c_pct,5813022794
LC20,1469999513,1,LC20,5901207252
LC20,1469999513,2,PVL21f_pct,1035156343
LC20,1469999513,6,PDM26e_pct,5812987961
LC20,1469999513,1,PVM07k_pct,1407593231
LC20,1469999513,1,PDM16h_pct,789645810
LC20,1469999513,1,AVM14k_pct,1191315642
LC20,1469999513,1,PDL11e_pct,417221397
LC20,1469999513,1,PVM07j_pct,1407248169
LC20,1469999513,1,LC20,1846113980
LC20,1469999513,1,AVM06n_pct,1630048134
LC20,1469999513,3,PDL09g_pct,1406911688
LC20,1469999513,1,PVM01ow_pct,976221301
LC20,1469999513,1,PVL04b_b_pct,920873167
LC20,1469999513,1,AVM14oi_pct,915179102
LC20,1469999513,1,PDM16b_pct,1038649756
LC20,1469999513,1,PVL10d_pct,1138587910
LC20,1469999513,2,,1596811105
LC20,1469999513,1,,5901205152
LC20,1469999513,1,,5813083421
LC20,1469999513,1,PVL09c_pct,944146138
LC20,1469999513,1,PVM07k_pct,1565488046
LC20,1469999513,1,AVL10x_a_pct,796733475
LC20,1469999513,6,AVM08oa_pct,5813011591
LC20,1469999513,2,PDM36c_pct,1007256476
LC20,1469999513,1,PDM16h_pct,5813015251
LC20,1469999513,1,PDM16t_pct,882421743
LC20,1469999513,4,,1221457679
LC20,1469999513,3,ADL07k_pct,758960629
LC20,1469999513,2,LC20,2002976113
LC20,1469999513,2,PVL15v_pct,884477487
LC20,1469999513,2,PVM03q_pct,665820084
LC20,1469999513,2,PVL21f_pct,1009647986
LC20,1469999513,5,,5813040731
LC20,1469999513,5,PDM26e_pct,1344858936
LC20,1469999513,5,,447872055
LC20,1469999513,1,PDL24ola_pct,545510060
LC20,1469999513,1,AVM14m_pct,1191402226
LC20,1469999513,2,AVM14q_pct,5813053907
LC20,2002976113,1,AVL04m_pct,915503330
LC20,2002976113,1,,1629538966
LC20,2002976113,1,PDM16h_pct,760004504
LC20,2002976113,1,,1438969068
LC20,2002976113,1,,669325882
LC20,2002976113,2,,5813040731
LC20,2002976113,1,,791527493
LC20,2002976113,1,PDL09g_pct,1406911688
LC20,2002976113,2,,1221457679
LC20,2002976113,1,AVM08oa_pct,5813011591
LC20,2002976113,2,PDM26e_pct,1344858936
LC20,2002976113,1,PVM04b_pct,5813021882
LC20,2002976113,1,,672598344
LC20,2002976113,1,AVM14oi_pct,915179102
LC20,2002976113,2,PDM36c_pct,5813022794
LC20,2002976113,1,PVL21f_pct,1009647986
LC20,2002976113,1,PDM19m_pct,1189697512
LC20,2002976113,2,PDL20r_pct,1009919653
LC20,2002976113,1,LC20,1469999513
LC20,2002976113,2,LC20,5812999529
LC20,2002976113,2,,447872055
LC20,2002976113,5,PVL15v_pct,884477487
LC20,2002976113,1,PVM07k_pct,1407593231
LC20,2002976113,1,PDM08oa_pct,821003563
LC20,2002976113,2,AVM14q_pct,5813053907
LC20,2002976113,1,LC9,1263309965
LC20,1690935369,1,PVM07j_pct,1407248169
LC20,1690935369,1,PDM23e_pct,1158691908
LC20,1690935369,1,PVM07j_pct,1282827758
LC20,1690935369,1,,5813037982
LC20,1690935369,1,,666847851
LC20,1690935369,1,PDM19m_pct,1282827358
LC20,1690935369,1,PVL13p_c_pct,945869060
LC20,1690935369,3,PVL03g_pct,5813115583
LC20,1690935369,1,PDM19m_pct,5901216375
LC20,1690935369,1,,1375206889
LC20,1690935369,1,PDM23e_pct,1251788873
LC20,1690935369,1,,1749434934
LC20,1690935369,4,PDL09g_pct,1406911688
LC20,1690935369,1,,852738302
LC20,1690935369,1,AVL06x_b_pct,827081671
LC20,1690935369,1,PDM16b_pct,1190076947
LC20,1690935369,1,,5813040731
LC20,1690935369,1,LC20,2002976113
LC20,1690935369,1,PDM36c_pct,1007256476
LC20,1690935369,1,,672598344
LC20,1690935369,2,PDM08z_pct,604791287
LC20,1690935369,2,AVM14oi_pct,915179102
LC20,1690935369,1,,1536433916
LC20,1690935369,3,PDM26e_pct,5812987961
LC20,1690935369,1,PDM16a_pct,1004450322
LC20,1690935369,1,PVL15v_pct,884477487
LC20,1690935369,3,,1221457679
LC20,1690935369,1,AVL01k_pct,851374345
LC20,1690935369,2,PVL03ow_pct,1097537045
LC20,1690935369,1,LC20,1966174797
LC20,1690935369,4,PDM36c_pct,5813022794
LC20,1690935369,1,LC20,5812999529
LC20,1690935369,1,LC20,1968872215
LC20,1690935369,4,PVM04b_pct,5813021882
LC20,1690935369,5,PDM26e_pct,1344858936
LC20,1690935369,1,olfactory multi lPN lALT,1671638278
LC20,1690935369,1,,447872055
LC20,1690935369,1,AVM19b_pct,5813022959
LC20,1690935369,2,AVM08oa_pct,5813011591
LC20,1690935369,3,PVL21f_pct,1035156343
LC20,1782996020,1,PDM36c_pct,5813022794
LC20,1782996020,1,PVM07k_pct,1407593231
LC20,1782996020,1,PDM26e_pct,1344858936
LC20,1782996020,1,PDM16h_pct,789645810
LC20,1782996020,1,,1283392486
LC20,1782996020,1,PVM12f_pct,5812983878
LC20,1782996020,4,,5813040731
LC20,1782996020,1,AVM14oi_pct,915179102
LC20,1782996020,1,,447872055
LC20,1782996020,1,LC20,1503677795
LC20,1782996020,2,PVL21f_pct,1035156343
LC20,1782996020,2,AVM08oa_pct,5813011591
LC20,1782996020,2,,5813054604
LC20,1782996020,2,LC20,1438550573
LC20,1782996020,2,,669325882
LC20,1782996020,2,,1221457679
LC20,1782996020,4,PDM26e_pct,5812987961
LC20,1968872215,1,PVL15v_pct,884477487
LC20,1968872215,1,LC20,5812999529
LC20,1968872215,1,PDL19p_pct,728974338
LC20,1968872215,2,PVL03g_pct,696859758
LC20,1968872215,1,PDM26e_pct,5812987961
LC20,1968872215,1,PDL09g_pct,1406911688
LC20,1968872215,1,,1536433916
LC20,1968872215,1,PDM36c_pct,1007256476
LC20,1968872215,2,,5813040731
LC20,1968872215,1,,1128595133
LC20,1968872215,1,,1630216646
LC20,1968872215,1,,1438969068
LC20,1968872215,1,,5813061112
LC20,1968872215,1,AVM08oa_pct,5813011591
LC20,1968872215,1,LC20,1440972629
LC20,1968872215,2,,447872055
LC20,1968872215,1,PVM03q_pct,665820084
LC20,1968872215,1,ADM01i_a_pct,913810052
LC20,1968872215,1,PVM04b_pct,5813021882
LC20,1968872215,2,PDM26e_pct,1344858936
LC20,1968872215,1,AVL01oo_pct,5813021911
LC20,1968872215,1,AVM14q_pct,5813053907
LC20,5812999529,1,,669325882
LC20,5812999529,1,PVL20i_pct,1374900967
LC20,5812999529,1,PDM36c_pct,1007256476
LC20,5812999529,1,PDM08oi_pct,5813022375
LC20,5812999529,1,PVL11f_pct,1352357010
LC20,5812999529,1,PVM01ow_pct,976221301
LC20,5812999529,1,PVL15v_pct,884477487
LC20,5812999529,1,,1282806606
LC20,5812999529,1,AVM14m_pct,1191402226
LC20,5812999529,1,AVM14oi_pct,915179102
LC20,5812999529,2,PVM07j_pct,1407248169
LC20,5812999529,1,PVL03w_pct,1314820316
LC20,5812999529,1,PVL21f_pct,1035156343
LC20,5812999529,2,,1438969068
LC20,5812999529,3,,5813040731
LC20,5812999529,1,PVL21f_pct,1009647986
LC20,5812999529,4,PDM23e_pct,1251788873
LC20,5812999529,5,PDL20r_pct,1009919653
LC20,5812999529,1,PVL03g_pct,696859758
LC20,5812999529,3,AVM14q_pct,5813053907
LC20,5812999529,1,PVL03g_pct,5813115583
LC20,5812999529,1,LC20,2002976113
LC20,5812999529,1,,1655238396
LC20,5812999529,3,PDM26e_pct,5812987961
LC20,5812999529,3,LC20,1968872215
LC20,5812999529,5,,1221457679
LC20,5812999529,1,PVL10d_pct,1138587910
LC20,1440972629,1,,820334823
LC20,1440972629,1,,447872055
LC20,1440972629,1,LC20,2185822630
LC20,1440972629,1,PVL11f_pct,1352357010
LC20,1440972629,1,PVL21e_pct,787563782
LC20,1440972629,1,PVM04b_pct,5813021882
LC20,1440972629,1,PVM04b_pct,5813021874
LC20,1440972629,2,AVM14k_pct,1191315642
LC20,1440972629,1,LC20,1597494148
LC20,1440972629,1,PDL09m_pct,1130714433
LC20,1440972629,1,PVM07k_pct,1407593231
LC20,1440972629,1,ADL24c_pct,389545760
LC20,1440972629,2,AVM14oi_pct,915179102
LC20,1440972629,3,PVL15v_pct,884477487
LC20,1440972629,3,AVM08oa_pct,5813011591
LC20,1440972629,1,PDM36c_pct,5813022794
LC20,1440972629,1,PVM07j_pct,1282827758
LC20,1440972629,2,PDM26e_pct,1344858936
LC20,1440972629,2,AVL01j_pct,1346900360
LC20,1440972629,1,,1221457679
LC20,1440972629,2,,5813040731
LC20,1440972629,2,PDL20r_pct,1009919653
LC20,1440972629,3,,672598344
LC20,1440972629,1,PDM26e_pct,5812987961
