Row,bodyId_0296199021,bodyId_0328543082,bodyId_0421646999,bodyId_0421650994,bodyId_0426148655,bodyId_0426489829,bodyId_0426489841,bodyId_0426494132,bodyId_0447228814,bodyId_0447872055,bodyId_0449250041,bodyId_0457520471,bodyId_0483712161,bodyId_0485037749,bodyId_0486410031,bodyId_0519909788,bodyId_0543692985,bodyId_0544383511,bodyId_0550573520,bodyId_0550577624,bodyId_0550927367,bodyId_0575400910,bodyId_0577123102,bodyId_0581262846,bodyId_0581599674,bodyId_0581599704,bodyId_0581599794,bodyId_0581603800,bodyId_0604709727,bodyId_0605762571,bodyId_0607251100,bodyId_0610321430,bodyId_0612634432,bodyId_0638148241,bodyId_0644001906,bodyId_0644455046,bodyId_0644757911,bodyId_0665169278,bodyId_0667184255,bodyId_0670547235,bodyId_0670547617,bodyId_0672598344,bodyId_0674687388,bodyId_0675490204,bodyId_0675835107,bodyId_0676479217,bodyId_0695465316,bodyId_0702760942,bodyId_0705722736,bodyId_0706183770,bodyId_0707116522,bodyId_0708545526,bodyId_0727889637,bodyId_0730398229,bodyId_0731736853,bodyId_0732600113,bodyId_0733649312,bodyId_0734352404,bodyId_0734677385,bodyId_0736748242,bodyId_0737093692,bodyId_0737093754,bodyId_0737218700,bodyId_0739256609,bodyId_0756502912,bodyId_0759960572,bodyId_0760306167,bodyId_0765021328,bodyId_0765028935,bodyId_0766410805,bodyId_0767787456,bodyId_0768806088,bodyId_0769263962,bodyId_0770585045,bodyId_0792326206,bodyId_0793815358,bodyId_0796431821,bodyId_0796733478,bodyId_0797424771,bodyId_0797442049,bodyId_0797796343,bodyId_0798132291,bodyId_0821003563,bodyId_0821344462,bodyId_0821703262,bodyId_0822461999,bodyId_0823063281,bodyId_0826062651,bodyId_0827086517,bodyId_0828826099,bodyId_0828826327,bodyId_0829154825,bodyId_0853100744,bodyId_0854093627,bodyId_0855526852,bodyId_0857793013,bodyId_0858838262,bodyId_0858838467,bodyId_0858842517,bodyId_0883514695,bodyId_0884122973,bodyId_0884446447,bodyId_0884477487,bodyId_0884856749,bodyId_0885132185,bodyId_0889194759,bodyId_0889531496,bodyId_0889535602,bodyId_0889540433,bodyId_0889838921,bodyId_0889852017,bodyId_0912290165,bodyId_0912601209,bodyId_0915105429,bodyId_0915179102,bodyId_0915503330,bodyId_0915528488,bodyId_0915549815,bodyId_0921576508,bodyId_0921589471,bodyId_0943048975,bodyId_0943809606,bodyId_0945161760,bodyId_0945532230,bodyId_0945647730,bodyId_0946209663,bodyId_0946495259,bodyId_0947212143,bodyId_0947573616,bodyId_0947923543,bodyId_0949904655,bodyId_0950880008,bodyId_0950928506,bodyId_0954023855,bodyId_0974027716,bodyId_0974788614,bodyId_0976190756,bodyId_0976221301,bodyId_0976575766,bodyId_0977223393,bodyId_0977628790,bodyId_0977913894,bodyId_1002360103,bodyId_1005149651,bodyId_1005857944,bodyId_1005953129,bodyId_1006146837,bodyId_1006876508,bodyId_1006967204,bodyId_1006984280,bodyId_1007256476,bodyId_1007550646,bodyId_1008663678,bodyId_1009311804,bodyId_1009980185,bodyId_1009984360,bodyId_1011728599,bodyId_1013982515,bodyId_1014016336,bodyId_1014344148,bodyId_1037237333,bodyId_1037609552,bodyId_1038290956,bodyId_1038636222,bodyId_1038926500,bodyId_1038938989,bodyId_1040004619,bodyId_1040013335,bodyId_1043066007,bodyId_1043143311,bodyId_1043696281,bodyId_1044011735,bodyId_1044028675,bodyId_1044701474,bodyId_1065280625,bodyId_1068302710,bodyId_1068885266,bodyId_1069632261,bodyId_1069667685,bodyId_1070379357,bodyId_1070950293,bodyId_1072059176,bodyId_1073069488,bodyId_1073354203,bodyId_1073354472,bodyId_1073691439,bodyId_1073694558,bodyId_1074143191,bodyId_1074484603,bodyId_1074493547,bodyId_1078517402,bodyId_1099333424,bodyId_1099458986,bodyId_1099981052,bodyId_1100088382,bodyId_1100357249,bodyId_1100404581,bodyId_1100404634,bodyId_1102407288,bodyId_1103102334,bodyId_1104056135,bodyId_1128200628,bodyId_1130714433,bodyId_1133455474,bodyId_1134107162,bodyId_1134146373,bodyId_1134482718,bodyId_1134819586,bodyId_1135112830,bodyId_1135458373,bodyId_1136407269,bodyId_1136502893,bodyId_1136752885,bodyId_1138855577,bodyId_1140249804,bodyId_1158903092,bodyId_1161399526,bodyId_1162081064,bodyId_1162180404,bodyId_1163120884,bodyId_1165810875,bodyId_1166186949,bodyId_1166458109,bodyId_1167537600,bodyId_1167541601,bodyId_1167546166,bodyId_1169178299,bodyId_1189264680,bodyId_1189601546,bodyId_1189605993,bodyId_1189606166,bodyId_1189606310,bodyId_1189727041,bodyId_1190400775,bodyId_1190409318,bodyId_1190417843,bodyId_1192744779,bodyId_1193210995,bodyId_1196816048,bodyId_1199556510,bodyId_1199910583,bodyId_1220416666,bodyId_1221457679,bodyId_1222104921,bodyId_1222195226,bodyId_1222519065,bodyId_1222769755,bodyId_1222928995,bodyId_1226789202,bodyId_1226831477,bodyId_1226887763,bodyId_1227135350,bodyId_1228264951,bodyId_1228265278,bodyId_1228877958,bodyId_1230933109,bodyId_1251032454,bodyId_1251373426,bodyId_1251684081,bodyId_1252121060,bodyId_1256800488,bodyId_1259230618,bodyId_1259890841,bodyId_1259895761,bodyId_1260949492,bodyId_1280634257,bodyId_1281113257,bodyId_1281324958,bodyId_1281752255,bodyId_1282788953,bodyId_1282806606,bodyId_1283151657,bodyId_1283190163,bodyId_1287645091,bodyId_1288530238,bodyId_1289213295,bodyId_1289233728,bodyId_1289238793,bodyId_1289242975,bodyId_1289574568,bodyId_1289920105,bodyId_1290227332,bodyId_1290269562,bodyId_1290270553,bodyId_1292635448,bodyId_1293688646,bodyId_1312061760,bodyId_1313512559,bodyId_1313849969,bodyId_1314820316,bodyId_1316945065,bodyId_1318304936,bodyId_1318986524,bodyId_1318991216,bodyId_1319583458,bodyId_1320277749,bodyId_1320286990,bodyId_1320290839,bodyId_1320622829,bodyId_1320976955,bodyId_1321305063,bodyId_1321305370,bodyId_1321564092,bodyId_1323015482,bodyId_1324370139,bodyId_1343804739,bodyId_1344460840,bodyId_1344469477,bodyId_1344469589,bodyId_1344469603,bodyId_1344469820,bodyId_1344810847,bodyId_1344810921,bodyId_1344811248,bodyId_1344858936,bodyId_1345471376,bodyId_1345860891,bodyId_1346560069,bodyId_1346896720,bodyId_1346900360,bodyId_1347642883,bodyId_1348653495,bodyId_1348998826,bodyId_1350612846,bodyId_1350924364,bodyId_1350985189,bodyId_1351312482,bodyId_1351644908,bodyId_1351667174,bodyId_1352331062,bodyId_1352335144,bodyId_1352335943,bodyId_1352664363,bodyId_1352684733,bodyId_1353031856,bodyId_1353043462,bodyId_1353371352,bodyId_1354394414,bodyId_1354731667,bodyId_1355042626,bodyId_1355736858,bodyId_1355750029,bodyId_1356061127,bodyId_1356091208,bodyId_1357084643,bodyId_1357097532,bodyId_1357438446,bodyId_1374063129,bodyId_1374554946,bodyId_1374809555,bodyId_1374900967,bodyId_1375206889,bodyId_1375224269,bodyId_1375242214,bodyId_1375245983,bodyId_1375504297,bodyId_1375504361,bodyId_1375504403,bodyId_1375504427,bodyId_1375845363,bodyId_1375924140,bodyId_1376558469,bodyId_1378251040,bodyId_1379355642,bodyId_1380979698,bodyId_1381306709,bodyId_1381311623,bodyId_1381656679,bodyId_1381997776,bodyId_1382308349,bodyId_1382343196,bodyId_1383383062,bodyId_1383703581,bodyId_1383767808,bodyId_1384065958,bodyId_1384712714,bodyId_1384752007,bodyId_1385093648,bodyId_1385429936,bodyId_1385433981,bodyId_1386758950,bodyId_1386780502,bodyId_1405226806,bodyId_1405231475,bodyId_1405615693,bodyId_1406911688,bodyId_1406966879,bodyId_1407939124,bodyId_1407947423,bodyId_1409627117,bodyId_1411336347,bodyId_1411737459,bodyId_1412670439,bodyId_1413744837,bodyId_1414073219,bodyId_1414354109,bodyId_1414366899,bodyId_1414418492,bodyId_1414694799,bodyId_1414763869,bodyId_1414776617,bodyId_1415450373,bodyId_1416766624,bodyId_1416796844,bodyId_1417768398,bodyId_1420172582,bodyId_1420522486,bodyId_1434949542,bodyId_1435791739,bodyId_1436698436,bodyId_1436961485,bodyId_1437224617,bodyId_1437306571,bodyId_1437652965,bodyId_1437902499,bodyId_1437958811,bodyId_1439301519,bodyId_1439979494,bodyId_1441084157,bodyId_1442029850,bodyId_1442699865,bodyId_1443040649,bodyId_1443044897,bodyId_1444046333,bodyId_1445773652,bodyId_1446061566,bodyId_1446062404,bodyId_1446100318,bodyId_1447093754,bodyId_1447103034,bodyId_1447448324,bodyId_1448452947,bodyId_1448794542,bodyId_1449165580,bodyId_1449486007,bodyId_1449502965,bodyId_1449835055,bodyId_1449848294,bodyId_1450875637,bodyId_1466998977,bodyId_1467340016,bodyId_1468630778,bodyId_1468782618,bodyId_1469049500,bodyId_1469394876,bodyId_1470358604,bodyId_1471337584,bodyId_1471337627,bodyId_1471337839,bodyId_1472672056,bodyId_1472711015,bodyId_1472715683,bodyId_1473052588,bodyId_1473379892,bodyId_1474062225,bodyId_1474084639,bodyId_1474088775,bodyId_1474424990,bodyId_1474446666,bodyId_1474745046,bodyId_1474757586,bodyId_1475188631,bodyId_1476777923,bodyId_1476782322,bodyId_1476824820,bodyId_1476868405,bodyId_1477148598,bodyId_1477161691,bodyId_1477166538,bodyId_1477434062,bodyId_1478142566,bodyId_1478487190,bodyId_1479147574,bodyId_1479492693,bodyId_1479618250,bodyId_1480222035,bodyId_1480524421,bodyId_1480525157,bodyId_1480525262,bodyId_1480525330,bodyId_1481547572,bodyId_1482579456,bodyId_1497973422,bodyId_1498720407,bodyId_1499013876,bodyId_1499048899,bodyId_1500063929,bodyId_1501111926,bodyId_1501729681,bodyId_1501790467,bodyId_1503733177,bodyId_1503754813,bodyId_1504065586,bodyId_1504406220,bodyId_1504428248,bodyId_1504437450,bodyId_1505114656,bodyId_1507109459,bodyId_1507139129,bodyId_1507165749,bodyId_1507446255,bodyId_1507782010,bodyId_1507812837,bodyId_1508123633,bodyId_1508123668,bodyId_1508128473,bodyId_1508132976,bodyId_1508170799,bodyId_1508274398,bodyId_1508464822,bodyId_1509146177,bodyId_1510851409,bodyId_1511235746,bodyId_1511593574,bodyId_1511888459,bodyId_1512232956,bodyId_1533481571,bodyId_1533782991,bodyId_1534119934,bodyId_1534448605,bodyId_1534798033,bodyId_1534798522,bodyId_1534850246,bodyId_1535082316,bodyId_1535086505,bodyId_1535100405,bodyId_1535139804,bodyId_1535144316,bodyId_1535186205,bodyId_1535198939,bodyId_1535471736,bodyId_1535488185,bodyId_1535791554,bodyId_1535813419,bodyId_1536132286,bodyId_1536157927,bodyId_1536447127,bodyId_1536486355,bodyId_1536490336,bodyId_1537130680,bodyId_1537802851,bodyId_1538471758,bodyId_1539189146,bodyId_1539193374,bodyId_1539496112,bodyId_1539508448,bodyId_1539879164,bodyId_1539879204,bodyId_1540216055,bodyId_1540241926,bodyId_1541242980,bodyId_1542585886,bodyId_1562499450,bodyId_1563099587,bodyId_1564157830,bodyId_1564482235,bodyId_1564874708,bodyId_1565824423,bodyId_1565846637,bodyId_1565858686,bodyId_1566169639,bodyId_1566178485,bodyId_1566182902,bodyId_1566506400,bodyId_1566514624,bodyId_1566519520,bodyId_1566519535,bodyId_1568181600,bodyId_1569209515,bodyId_1570245517,bodyId_1570249860,bodyId_1570565128,bodyId_1570896561,bodyId_1571246774,bodyId_1572240664,bodyId_1573612290,bodyId_1574980522,bodyId_1594087386,bodyId_1594882312,bodyId_1594899469,bodyId_1597204590,bodyId_1597208095,bodyId_1597213470,bodyId_1597264864,bodyId_1597265225,bodyId_1597287219,bodyId_1597877916,bodyId_1598232593,bodyId_1598296804,bodyId_1598893423,bodyId_1599285725,bodyId_1599902570,bodyId_1600239500,bodyId_1600666632,bodyId_1601227987,bodyId_1601603665,bodyId_1601711357,bodyId_1603260613,bodyId_1603645798,bodyId_1603957106,bodyId_1625252129,bodyId_1625463216,bodyId_1625537295,bodyId_1625550248,bodyId_1627030775,bodyId_1627277351,bodyId_1627618361,bodyId_1627643971,bodyId_1627950600,bodyId_1628135911,bodyId_1628274418,bodyId_1628291400,bodyId_1628624182,bodyId_1628973439,bodyId_1630281172,bodyId_1630342162,bodyId_1630678904,bodyId_1630678924,bodyId_1632016438,bodyId_1632309827,bodyId_1633337773,bodyId_1633686836,bodyId_1657262624,bodyId_1658640107,bodyId_1658963980,bodyId_1659590563,bodyId_1660267880,bodyId_1660690370,bodyId_1661273656,bodyId_1661623550,bodyId_1662947570,bodyId_1663639752,bodyId_1663652072,bodyId_1663768979,bodyId_1664097010,bodyId_1687977896,bodyId_1687991434,bodyId_1688663936,bodyId_1690694192,bodyId_1690698128,bodyId_1690706380,bodyId_1691034393,bodyId_1691298247,bodyId_1691310419,bodyId_1691405824,bodyId_1691630995,bodyId_1691635022,bodyId_1691638475,bodyId_1691686234,bodyId_1691972267,bodyId_1692299350,bodyId_1692304756,bodyId_1695463406,bodyId_1695693354,bodyId_1715895680,bodyId_1717985153,bodyId_1718671665,bodyId_1719643238,bodyId_1720105182,bodyId_1720333334,bodyId_1720454234,bodyId_1721369735,bodyId_1721395841,bodyId_1721862006,bodyId_1721996278,bodyId_1722005213,bodyId_1722336742,bodyId_1722341103,bodyId_1722670598,bodyId_1722708360,bodyId_1723010562,bodyId_1723325539,bodyId_1723732230,bodyId_1728104437,bodyId_1745570620,bodyId_1749274582,bodyId_1749374615,bodyId_1749957192,bodyId_1750419433,bodyId_1750721034,bodyId_1751670945,bodyId_1752067852,bodyId_1752703194,bodyId_1753195131,bodyId_1753358801,bodyId_1753410659,bodyId_1753414458,bodyId_1753751888,bodyId_1757477299,bodyId_1784061219,bodyId_1784730698,bodyId_1785502810,bodyId_1785511781,bodyId_1811426935,bodyId_1812696401,bodyId_1813529619,bodyId_1813840510,bodyId_1814841869,bodyId_1815433066,bodyId_1815765121,bodyId_1815765750,bodyId_1842682500,bodyId_1848151618,bodyId_1848506334,bodyId_1875284107,bodyId_1876565477,bodyId_1879208226,bodyId_1879226079,bodyId_1907531484,bodyId_1909642789,bodyId_1910328899,bodyId_1934975261,bodyId_1940254794,bodyId_1966860704,bodyId_1971008830,bodyId_1972032140,bodyId_2067886800,bodyId_2222414812,bodyId_2307027729,bodyId_2349505897,bodyId_5812980291,bodyId_5812981085,bodyId_5812981242,bodyId_5812982052,bodyId_5812982994,bodyId_5812983240,bodyId_5812983383,bodyId_5812983517,bodyId_5812983952,bodyId_5812985952,bodyId_5812986047,bodyId_5812986197,bodyId_5812987602,bodyId_5812987961,bodyId_5812989815,bodyId_5812989822,bodyId_5812989875,bodyId_5812990638,bodyId_5812990958,bodyId_5812991204,bodyId_5812991539,bodyId_5812992043,bodyId_5812992706,bodyId_5812993302,bodyId_5812993355,bodyId_5812993576,bodyId_5812994205,bodyId_5812998127,bodyId_5813011591,bodyId_5813014382,bodyId_5813016762,bodyId_5813017315,bodyId_5813017914,bodyId_5813021112,bodyId_5813021498,bodyId_5813021583,bodyId_5813022591,bodyId_5813022738,bodyId_5813022794,bodyId_5813023322,bodyId_5813023617,bodyId_5813023739,bodyId_5813024015,bodyId_5813024035,bodyId_5813026724,bodyId_5813027235,bodyId_5813027276,bodyId_5813027278,bodyId_5813027282,bodyId_5813033404,bodyId_5813034018,bodyId_5813037804,bodyId_5813037812,bodyId_5813038167,bodyId_5813038177,bodyId_5813038350,bodyId_5813039148,bodyId_5813040277,bodyId_5813040285,bodyId_5813040731,bodyId_5813041172,bodyId_5813041323,bodyId_5813041360,bodyId_5813041581,bodyId_5813041707,bodyId_5813044470,bodyId_5813045465,bodyId_5813045806,bodyId_5813046075,bodyId_5813047489,bodyId_5813048443,bodyId_5813048646,bodyId_5813053731,bodyId_5813053860,bodyId_5813053863,bodyId_5813053957,bodyId_5813053966,bodyId_5813054053,bodyId_5813054096,bodyId_5813054141,bodyId_5813054347,bodyId_5813054376,bodyId_5813054384,bodyId_5813054604,bodyId_5813056435,bodyId_5813056622,bodyId_5813057178,bodyId_5813057245,bodyId_5813057404,bodyId_5813057579,bodyId_5813057854,bodyId_5813058342,bodyId_5813061112,bodyId_5813061126,bodyId_5813061245,bodyId_5813062698,bodyId_5813062942,bodyId_5813063093,bodyId_5813064410,bodyId_5813065148,bodyId_5813065458,bodyId_5813067986,bodyId_5813068559,bodyId_5813068748,bodyId_5813068801,bodyId_5813069246,bodyId_5813069523,bodyId_5813070019,bodyId_5813070572,bodyId_5813070594,bodyId_5813070954,bodyId_5813075410,bodyId_5813077633,bodyId_5813078086,bodyId_5813079288,bodyId_5813080260,bodyId_5813080753,bodyId_5813083766,bodyId_5813090649,bodyId_5813098282,bodyId_5813107946,bodyId_5813110223,bodyId_5813123748,bodyId_5813123804,bodyId_5813125985,bodyId_5901194314,bodyId_5901202967,bodyId_5901203491,bodyId_5901205169,bodyId_5901214683,bodyId_5901215703,bodyId_5901215834,bodyId_5901219755
LC17,0,0,0,0,0,0,0,0,185,0,0,0,0,0,0,0,0,0,0,0,0,0,0,0,0,0,0,0,0,0,0,0,0,0,0,0,0,0,0,0,0,0,0,0,0,0,0,0,0,0,0,0,0,0,0,0,0,0,0,0,0,0,0,0,0,0,0,0,0,0,0,0,0,0,0,0,0,0,0,0,0,0,0,0,0,0,0,0,0,0,0,0,0,0,0,0,0,0,0,0,0,0,0,0,0,0,0,0,0,0,0,0,69,0,0,0,0,0,0,0,0,0,0,0,0,0,0,0,0,0,0,0,0,0,0,0,0,0,0,0,0,0,0,0,0,0,0,0,0,0,0,0,0,0,0,0,0,0,0,3,0,0,0,0,0,0,0,0,0,0,0,0,0,0,0,0,183,0,0,0,136,0,0,0,0,0,0,0,0,0,0,0,0,0,0,0,0,0,0,0,0,0,0,0,0,0,0,0,0,0,0,0,0,0,0,0,0,0,0,0,0,0,0,0,0,0,0,0,2,0,7,3,0,0,0,0,0,0,0,0,0,0,0,0,0,0,0,0,0,0,0,0,0,0,0,0,0,0,0,0,0,0,0,0,14,0,0,0,0,0,0,0,0,0,0,0,0,0,0,0,0,0,0,0,0,0,57,0,0,0,0,0,0,0,0,0,0,0,0,0,0,184,6,0,0,0,0,1,12,0,0,0,0,0,0,0,0,7,1,4,0,0,0,0,0,0,0,0,0,0,0,0,0,0,0,0,0,184,0,0,0,0,0,0,0,0,0,186,0,0,0,0,0,0,0,0,7,2,0,0,0,0,1,0,0,0,0,0,179,178,0,0,0,0,0,0,0,0,0,0,0,0,0,0,0,1,0,0,0,0,0,0,0,0,0,0,1,0,0,0,0,0,0,0,5,91,0,0,186,0,0,0,0,0,0,0,0,0,0,0,0,0,0,0,0,0,0,0,0,0,0,0,15,0,186,0,0,14,0,0,0,0,0,0,0,0,0,0,0,0,0,0,0,0,0,0,0,80,0,0,0,60,0,0,0,0,107,0,0,0,0,0,184,174,0,0,0,0,7,0,0,0,0,0,0,0,0,0,0,0,2,0,0,0,103,4,0,0,0,0,0,0,0,180,0,0,0,0,0,0,0,0,0,0,2,89,0,0,0,0,0,0,0,184,184,0,0,0,0,0,0,0,3,0,0,0,0,0,0,0,7,0,0,16,94,1,0,0,0,2,0,0,0,0,0,0,0,0,0,0,0,0,0,0,0,0,0,0,0,0,0,0,4,0,0,3,43,0,0,0,1,0,0,0,0,0,0,0,0,0,30,0,1,0,90,1,0,3,184,114,0,0,0,0,0,0,0,0,0,0,0,0,0,3,0,185,0,0,0,0,0,0,0,0,0,0,0,9,4,0,0,142,2,0,0,0,0,0,184,166,25,1,0,0,0,4,0,2,0,2,2,4,0,171,0,0,0,0,165,0,81,0,7,0,0,0,0,0,0,0,2,0,0,0,0,0,0,0,0,0,0,0,1,0,1,16,2,0,0,1,0,0,0,0,0,0,0,0,0,0,0,0,97,133,0,0,0,123,0,0,0,0,1,0,0,0,0,0,0,0,0,0,0,0,0,0,0,0,0,3,0,0,0,0,0,0,42,0,6,0,0,0,0,0,7,0,0,0,0,0,0,184,0,0,0,0,0,0,0,0,0,0,0,0,0,0,74,0,0,0,0,0,0,0,0,0,184,58,0,0,0,0,0,0,0,0,0,0,0,0,0,0,0,5,0,0,0,0,0,0,0,0,102,0,0,0,136,0,0,184,0,0,1,0,0,0,0,0,0,0,0,0,44,0,0,0,0,0,0,0,0,0,183,0,0,163,0,0,0,0,0,0,0,0,0,0,0,0,0,53,0,0,0
LPLC2,0,0,0,0,0,0,0,0,2,0,0,0,0,0,0,0,0,0,0,0,0,0,0,0,0,0,0,0,0,0,0,0,0,0,0,0,0,0,0,0,0,0,0,0,0,0,0,0,0,0,0,0,0,0,0,0,0,0,0,0,0,0,0,0,0,0,0,0,0,0,0,0,0,0,82,0,0,0,0,0,0,0,0,0,0,0,0,0,0,0,0,0,0,0,59,0,0,0,0,0,0,0,0,0,0,0,0,0,0,3,0,0,21,74,0,0,0,0,0,0,0,0,0,0,0,0,0,0,2,0,0,1,0,58,0,0,0,0,0,0,0,0,0,0,2,0,0,0,0,0,0,0,0,0,0,0,0,3,0,4,0,0,0,0,0,0,1,57,0,0,0,0,0,0,0,0,85,0,0,0,84,14,6,0,0,0,0,0,0,0,0,0,0,0,0,2,0,0,0,74,0,1,0,0,2,11,0,0,1,0,0,0,0,0,0,0,0,0,0,0,0,2,0,2,0,3,12,0,0,0,0,0,0,0,0,0,0,3,0,0,0,0,1,0,0,0,0,0,0,0,61,0,7,65,0,0,0,0,0,0,0,0,0,0,74,0,0,1,0,0,0,0,0,0,0,0,34,0,0,0,0,0,0,0,0,0,3,0,0,0,0,0,0,5,0,0,0,1,4,0,0,3,0,0,0,1,0,0,5,0,0,0,0,0,0,0,0,0,0,0,0,0,0,0,0,0,0,0,0,1,67,0,0,77,0,0,12,69,0,0,0,0,0,0,0,0,0,45,0,0,0,0,0,0,0,0,0,0,0,1,0,0,8,0,0,0,0,0,78,75,16,41,0,0,0,2,0,11,85,0,0,0,0,84,0,59,0,0,0,0,0,20,0,0,8,0,0,0,84,0,0,0,0,4,63,0,0,20,0,0,0,81,0,0,21,0,0,0,0,0,0,0,0,0,12,85,0,9,0,0,0,0,20,0,0,6,0,0,0,23,0,0,0,36,0,0,0,0,0,0,0,0,0,0,0,1,0,40,0,0,0,0,11,0,80,37,0,2,0,0,0,0,0,0,0,52,0,0,0,44,0,0,39,0,0,0,0,1,0,0,0,0,0,0,10,4,0,0,20,0,0,0,0,2,0,0,0,9,0,0,0,0,1,0,0,7,0,0,0,0,0,0,0,1,6,85,0,0,0,0,0,5,30,0,0,0,0,0,0,0,0,0,0,0,36,12,0,4,18,81,0,0,0,0,0,0,0,0,1,0,0,0,0,0,0,0,0,0,0,0,3,11,0,0,53,0,0,0,0,0,0,0,0,0,0,0,0,0,0,0,1,0,0,1,0,0,77,0,0,0,0,0,0,5,13,0,0,0,2,0,0,0,14,41,0,0,0,0,0,1,3,3,0,0,13,0,0,0,0,0,0,0,0,0,2,0,0,0,1,0,0,0,1,3,12,0,0,0,0,0,0,0,0,1,0,0,0,0,0,0,4,0,0,0,0,0,0,0,0,23,0,2,0,0,0,0,0,0,0,20,0,0,1,0,0,0,0,3,0,0,0,0,18,0,0,1,0,0,0,0,0,0,0,0,0,0,0,3,2,0,1,0,0,0,2,0,0,2,85,0,55,0,0,0,0,0,0,0,0,0,0,1,1,0,0,0,0,0,0,2,0,0,24,0,0,0,8,0,0,0,0,85,0,85,0,0,0,0,0,85,1,0,0,0,0,0,12,5,6,0,76,0,4,0,0,0,85,0,6,0,0,0,0,0,0,0,0,81,7,84,0,0,0,26,0,0,0,0,0,0,59,12,2,0,76,0,73,0,51,14,0,0,13,0,40,0,0,8,3,0,32,0,47,0,0,0,19,28,0,0,0,0,81,0,0,24,0,0,0,0,0,0,0,0,0,0,0,0,13,1,0,0,0
LC4,0,0,0,0,0,0,0,0,0,0,0,0,0,0,0,0,0,0,0,0,0,0,0,0,0,0,0,0,0,0,0,0,0,0,0,2,0,0,0,0,0,0,0,0,5,0,0,0,0,0,0,0,0,0,0,0,0,0,0,0,0,0,0,0,0,0,0,0,0,0,0,0,0,0,66,0,0,0,0,0,0,0,0,0,0,0,0,0,0,0,0,0,0,0,31,0,0,0,0,0,0,0,1,0,0,0,0,0,0,25,0,0,2,0,4,0,35,0,0,0,0,0,0,0,0,0,0,0,14,0,0,0,0,25,0,0,0,0,1,0,0,0,0,2,0,0,0,0,0,0,2,0,0,1,0,36,0,0,0,59,0,0,0,0,0,0,21,2,0,0,0,0,0,0,0,0,68,0,0,0,68,6,0,0,0,0,0,27,0,0,0,0,0,0,0,0,24,0,0,71,0,0,0,0,0,48,0,39,0,0,0,0,0,0,0,0,0,0,0,0,0,71,0,0,0,0,60,0,0,0,0,0,0,0,0,0,0,0,0,0,0,0,2,0,0,0,0,0,0,0,0,0,1,1,0,0,1,0,0,0,0,0,0,0,0,0,0,44,0,0,0,0,0,0,0,0,0,0,0,0,0,0,0,0,0,0,11,0,0,32,0,0,0,45,0,0,0,20,0,0,0,0,0,0,0,0,0,0,0,0,0,0,0,0,0,0,0,4,2,2,31,0,0,0,0,0,0,0,0,0,4,0,0,0,0,0,54,41,0,0,0,0,0,0,0,0,0,54,0,9,0,0,24,0,0,0,0,0,0,48,0,0,3,0,0,0,0,0,2,6,0,50,0,0,0,9,0,0,7,0,0,0,0,71,43,13,5,0,0,0,0,71,0,0,0,0,0,0,2,0,0,0,0,29,8,0,0,69,54,0,0,3,0,0,13,0,0,0,0,0,0,11,19,0,0,2,0,71,0,27,0,0,0,0,0,0,0,0,0,58,0,0,0,42,0,0,0,0,0,0,0,0,0,0,0,0,0,1,0,4,0,0,0,0,1,54,0,0,0,0,0,0,0,0,0,15,0,0,1,0,0,0,71,0,0,0,0,60,0,22,30,0,2,0,0,11,3,0,5,0,0,0,0,12,0,0,0,0,0,0,0,0,2,0,0,2,0,0,0,0,0,0,0,0,1,0,0,0,0,0,0,14,0,0,0,0,0,0,0,0,0,0,0,22,0,3,0,0,19,3,0,0,0,0,0,0,0,0,71,16,0,0,0,0,0,0,0,0,0,0,24,63,0,0,0,0,0,0,17,0,0,0,0,0,0,0,0,0,54,0,0,0,0,41,0,0,71,0,0,0,0,0,0,1,0,0,0,0,11,0,0,71,8,6,3,0,0,70,0,58,40,34,0,0,71,0,0,0,0,0,0,0,5,0,27,0,0,31,0,0,0,0,19,66,28,0,0,0,0,6,0,0,0,0,0,0,0,28,0,0,0,5,0,0,0,0,0,0,0,4,0,52,0,0,0,0,0,0,0,43,0,6,0,0,0,0,0,71,10,0,0,70,57,0,2,52,52,21,0,0,0,0,0,0,0,51,0,0,48,26,41,0,0,0,68,31,0,27,71,1,0,0,0,0,0,0,0,0,0,0,11,0,35,0,0,0,0,20,0,0,0,0,15,0,0,0,59,25,0,6,0,0,0,55,0,0,5,0,0,61,70,0,71,32,0,24,1,55,52,0,71,1,1,0,0,0,47,0,0,0,0,0,0,0,0,0,0,71,18,7,0,0,0,1,0,0,0,0,0,40,68,70,0,1,64,0,67,0,16,1,0,0,2,0,63,4,0,1,0,0,13,0,0,0,0,35,62,71,0,0,0,0,2,0,0,0,0,0,32,1,0,0,0,0,0,0,0,0,7,0,0,0,58
LC9,0,0,0,0,0,0,0,0,0,0,0,0,0,0,0,0,1,0,0,0,0,0,0,0,0,0,0,0,0,0,0,0,0,1,0,0,0,0,0,0,0,0,0,0,0,69,0,0,0,0,0,0,0,0,0,0,0,0,0,0,0,0,0,14,0,0,0,0,0,0,0,0,3,0,0,0,0,0,1,4,0,0,0,0,0,0,0,0,0,0,0,0,0,0,0,0,1,96,0,0,0,0,11,0,0,114,93,9,1,0,0,0,2,31,0,0,0,0,0,0,0,0,0,0,0,0,0,0,20,0,125,0,0,3,0,0,0,0,0,0,0,0,0,0,5,0,0,0,0,0,0,0,0,0,0,2,29,0,0,0,0,0,0,1,0,0,7,3,4,0,0,51,0,1,0,0,64,0,0,0,56,16,0,126,70,7,116,0,0,0,0,0,0,0,0,62,0,0,0,1,0,0,0,75,4,0,31,0,0,1,2,1,50,0,0,0,0,1,2,0,0,0,0,0,0,0,0,0,0,0,0,0,0,0,0,0,0,0,0,0,0,0,0,0,0,0,0,0,0,0,20,0,64,1,0,51,0,0,0,0,30,1,0,0,0,0,0,0,1,0,0,0,0,0,0,0,0,0,0,0,0,0,43,2,0,120,0,0,0,0,0,0,41,0,0,0,2,2,0,47,24,0,0,0,0,0,0,0,0,0,0,0,0,0,0,0,0,0,0,0,0,0,0,0,0,41,0,0,0,0,0,0,0,99,36,72,2,86,101,0,0,0,0,0,0,0,0,11,0,0,6,0,0,0,0,0,0,0,0,0,0,0,1,0,0,0,0,0,0,0,0,84,0,0,52,0,36,50,0,38,0,0,54,0,0,3,0,0,0,0,0,2,0,37,0,0,0,23,0,32,24,35,0,0,4,0,0,42,0,0,0,0,0,0,0,0,0,0,0,0,0,0,0,0,0,0,0,0,0,0,0,0,0,0,0,0,0,0,0,0,0,0,0,0,5,0,0,0,0,0,0,0,0,0,0,0,0,0,1,0,0,0,0,0,0,1,0,0,34,0,0,0,0,0,44,0,0,0,0,0,0,0,0,55,0,0,0,0,0,0,1,0,0,0,0,0,0,0,0,0,0,0,0,0,0,0,0,0,0,0,0,0,0,0,0,0,0,0,0,1,1,0,3,0,0,0,0,0,0,0,0,0,0,0,0,0,0,0,0,0,0,0,0,0,0,0,0,0,0,0,0,0,0,2,2,0,0,0,0,0,0,0,0,0,0,0,0,0,0,0,0,0,0,0,0,0,0,0,0,0,0,0,0,0,0,0,0,0,0,0,0,0,0,0,0,0,13,0,0,0,0,0,0,0,1,0,0,0,0,0,0,0,0,0,0,0,0,0,2,0,0,0,0,0,0,0,0,0,0,0,0,0,0,0,1,0,0,0,0,0,0,0,0,0,0,0,0,0,0,0,0,0,29,0,0,0,0,0,0,70,0,0,0,0,0,0,0,0,0,0,0,0,0,0,0,0,0,0,0,0,0,0,0,52,0,0,0,0,0,0,0,0,0,0,0,0,0,0,0,0,0,0,0,0,0,0,0,0,0,0,0,31,0,0,0,0,0,0,0,26,11,0,0,0,0,0,0,0,0,0,0,0,0,0,0,0,0,0,0,0,0,2,0,0,0,0,0,0,0,0,0,0,0,7,0,0,0,0,0,0,0,0,0,0,3,69,2,0,0,0,0,20,4,0,0,0,0,2,0,0,0,0,0,0,0,0,0,0,0,8,0,0,0,0,0,53,0,1,0,10,2,0,0,0,0,0,24,34,1,95,0,0,3,98,0,1,54,1,10,0,6,0,1,20,0,0,0,0,0,0,0,0,1,0,66,0,0,53,0,0,0,40,0,0,0,0,0,0,0,0,0,0,0
LPLC4,0,0,0,0,0,0,0,0,0,0,0,0,0,0,0,0,0,0,0,0,0,0,0,0,0,0,0,0,0,0,0,0,0,0,0,19,0,0,0,0,0,0,0,23,26,0,0,20,0,3,21,0,0,0,14,0,0,0,0,0,0,0,10,0,0,0,0,0,0,0,0,0,0,7,0,31,0,4,0,0,0,0,0,0,0,23,0,0,0,0,0,0,3,0,0,0,0,0,0,1,0,0,38,2,0,0,0,0,0,0,0,0,17,1,8,15,22,40,0,0,0,0,0,0,33,16,0,0,0,0,0,0,0,0,0,4,39,3,0,1,41,0,4,8,2,16,0,33,10,43,45,0,34,19,0,21,0,0,0,3,0,20,12,0,0,0,0,0,0,0,0,0,0,0,8,15,0,0,0,35,1,0,0,0,0,0,0,0,0,0,18,0,19,0,18,5,43,38,0,0,0,0,12,0,0,0,0,0,0,0,0,0,0,0,25,0,10,0,0,0,0,0,0,0,0,0,0,1,0,0,0,0,32,1,0,42,0,0,0,0,0,35,23,1,29,12,0,16,0,0,0,0,0,6,0,0,22,37,0,31,0,0,0,0,0,0,38,0,12,0,29,3,45,0,0,0,0,0,0,0,0,0,0,0,0,0,0,16,1,1,42,11,1,3,0,0,0,0,7,1,0,0,0,0,0,0,0,0,0,0,0,0,0,0,3,18,0,8,1,5,34,14,34,0,0,0,0,0,0,0,0,0,0,0,0,0,0,0,0,0,0,0,0,0,0,0,0,0,29,0,27,0,37,40,18,0,0,0,0,18,0,26,2,24,0,0,0,0,0,0,0,0,0,0,0,0,0,0,0,0,0,0,0,0,1,0,46,20,0,0,0,0,0,0,0,0,0,0,0,0,0,0,0,0,0,0,1,0,0,26,0,0,23,18,0,5,3,1,38,0,0,0,0,0,0,0,0,0,0,0,0,0,2,0,0,0,0,0,0,31,26,24,22,0,28,40,0,0,0,0,0,0,0,0,0,0,0,0,27,0,0,0,0,0,0,0,0,0,0,0,0,0,0,0,0,0,0,0,0,0,0,0,0,0,0,4,46,0,23,5,2,0,2,0,0,0,0,0,0,0,0,0,0,0,0,0,0,0,17,0,0,0,0,0,0,0,27,45,0,0,0,15,1,0,0,0,0,0,0,0,0,31,8,0,0,0,0,0,0,0,0,0,0,0,0,1,0,0,0,0,0,0,30,13,13,30,38,0,46,20,0,0,0,0,0,0,0,0,0,3,0,0,0,0,0,0,0,0,38,24,0,0,0,0,0,45,0,0,0,0,0,0,0,0,0,0,0,0,0,0,35,0,23,42,12,25,0,0,0,7,0,0,0,0,0,0,0,1,0,0,0,0,46,0,0,0,0,0,0,0,0,0,0,17,0,16,27,3,0,0,0,0,0,0,0,0,0,0,0,0,0,0,0,0,0,29,17,12,0,0,0,0,0,7,0,0,0,0,0,0,0,0,0,0,0,0,43,0,31,22,0,15,0,0,0,0,0,0,0,0,0,0,0,3,13,0,0,0,0,0,0,0,0,0,38,0,0,0,0,0,0,0,0,0,0,0,0,0,0,0,0,0,0,0,0,0,0,0,0,0,32,0,0,2,33,6,0,1,0,0,0,0,0,0,0,28,0,0,0,20,34,0,0,0,22,0,26,35,37,0,0,44,0,0,0,0,0,0,0,0,0,1,0,0,0,0,3,0,0,0,0,0,0,0,25,0,0,0,0,1,0,4,0,0,0,39,0,0,36,35,0,0,2,1,0,0,0,0,0,0,0,26,2,0,24,18,0,0,15,0,0,0,0,36,0,0,0,0,0,31,0,0,0,26,0,0,0,0,0,0,0,0,37,1,0,45,0,0,0,0,0,0,0
LC16,1,1,1,1,81,46,2,22,0,0,0,78,1,20,19,34,3,0,66,59,0,23,8,82,50,58,67,80,0,18,0,1,80,2,82,0,1,1,14,0,3,0,2,0,0,0,19,0,0,0,0,0,0,0,0,7,59,40,31,82,82,82,0,0,0,1,17,24,21,47,64,61,55,0,1,0,1,0,31,68,64,82,1,16,0,0,0,0,38,76,65,2,0,32,0,56,6,28,14,0,1,4,0,0,0,2,0,3,29,0,1,56,27,13,0,0,0,0,0,0,29,0,1,0,0,0,1,0,0,0,0,0,5,0,70,10,0,0,0,0,0,0,1,1,48,0,14,0,0,0,0,5,0,0,1,0,0,0,0,0,0,0,0,0,2,9,0,0,44,0,1,0,45,0,0,0,3,0,0,0,0,0,0,0,0,61,0,0,0,31,0,0,0,2,0,0,0,0,1,0,30,0,0,0,32,0,0,0,0,2,0,0,0,0,0,0,0,1,0,0,0,0,40,0,0,1,0,0,0,3,0,0,0,0,0,0,6,0,4,0,0,0,0,0,0,0,2,0,0,3,0,0,0,0,0,0,0,0,22,0,0,1,40,25,0,0,0,0,0,0,0,0,0,1,0,0,43,45,2,69,4,36,0,2,0,0,0,0,0,0,0,0,0,0,66,0,0,0,40,0,0,0,9,29,0,0,0,0,0,0,0,10,2,0,0,0,0,0,0,0,0,0,0,57,0,0,2,54,22,0,0,7,2,0,0,0,0,0,0,0,0,0,0,0,40,0,0,0,0,0,0,0,0,0,0,0,0,13,0,0,0,0,1,0,0,52,13,29,27,17,0,0,1,0,0,22,0,0,0,0,0,16,0,0,0,0,0,0,0,0,0,0,0,0,0,0,2,0,4,0,0,0,0,1,0,0,0,0,0,0,0,0,0,0,1,0,0,0,0,0,0,0,0,4,0,9,1,0,0,0,0,0,0,0,0,0,0,0,0,0,0,0,0,0,0,0,0,0,0,0,0,0,0,0,0,0,0,0,0,0,0,0,0,0,0,0,0,0,0,0,0,0,0,0,0,0,0,0,0,0,0,0,0,0,0,0,0,0,0,0,0,0,0,0,0,0,0,0,0,0,0,0,0,0,0,0,0,0,0,0,0,0,0,0,0,0,0,0,0,0,0,0,0,0,0,0,0,0,0,0,0,0,0,0,0,0,0,0,1,0,0,0,0,0,0,0,0,0,0,0,0,0,0,0,0,0,0,0,0,0,0,0,0,0,0,0,0,0,0,0,0,0,0,0,0,0,0,0,0,0,0,0,0,0,0,0,0,0,0,0,0,0,0,0,0,0,0,0,0,0,0,0,0,0,0,0,0,0,0,0,0,0,0,0,0,0,0,0,1,0,0,0,0,0,0,0,0,0,0,0,0,0,0,0,0,0,0,0,0,0,0,0,0,0,0,0,0,0,0,0,0,0,0,0,0,0,0,0,0,62,0,0,0,0,0,0,0,0,0,0,0,0,0,0,0,0,0,0,0,0,0,0,0,0,0,0,0,0,0,0,0,0,0,0,0,0,0,0,0,0,0,0,0,0,0,0,0,0,0,0,0,0,0,0,0,0,0,0,0,0,0,0,1,0,30,0,1,0,0,0,0,0,0,0,0,0,0,0,0,0,7,0,0,0,0,0,0,0,0,0,0,0,0,0,0,1,0,0,0,0,0,0,0,0,12,0,0,0,0,0,0,0,0,2,2,1,0,0,0,0,50,1,1,1,0,0,0,0,0,0,5,0,6,0,0,0,3,13,0,0,0,0,3,0,0,0,0,0,0,0,82,0,31,0,0,0,0,0,55,0,0,0,5,0,3,0,0,0,64,0,0,77,0,0,0,0,23,0,0,0,0,0,0,0,0,0,35,0,0,0,0,0,0
LC6,0,0,0,0,0,24,48,5,0,0,0,0,1,2,8,60,0,8,1,0,57,5,3,15,23,18,0,11,0,5,0,0,17,22,19,0,0,0,0,0,28,0,61,0,0,28,13,1,52,0,0,0,0,0,0,5,2,0,0,1,4,3,0,0,0,0,2,0,3,0,0,14,47,1,14,0,0,45,16,0,1,2,0,14,0,0,0,14,0,0,49,32,0,1,0,5,61,11,52,0,0,0,0,0,0,3,0,61,5,0,33,32,6,1,2,0,0,0,26,0,0,0,0,0,0,0,0,0,8,0,38,0,7,2,56,0,0,0,0,0,0,0,11,0,6,0,11,0,0,0,0,30,0,0,55,11,0,0,0,0,0,0,0,0,0,3,11,0,15,0,32,0,0,1,0,0,50,0,0,0,49,24,2,18,0,52,1,0,0,3,30,0,0,14,0,42,0,0,50,0,2,0,0,0,1,0,0,0,52,20,2,0,0,2,0,0,0,36,24,0,30,0,0,0,1,0,0,0,1,0,0,0,0,0,0,0,34,27,7,0,0,0,0,7,0,0,1,0,0,51,10,0,0,0,0,2,0,0,8,0,28,30,0,0,0,0,2,0,0,0,0,0,0,8,1,1,2,1,34,20,48,1,10,54,0,16,47,0,0,0,0,0,0,0,54,6,32,5,2,18,19,0,6,5,0,35,0,0,0,0,0,2,3,0,0,0,0,0,0,0,0,0,0,2,0,13,37,2,54,24,0,37,1,1,1,0,0,3,0,0,0,0,0,2,0,0,0,0,0,0,0,0,0,0,0,7,0,6,1,0,0,0,1,0,1,8,19,9,4,8,21,0,44,0,0,0,0,0,0,0,0,2,0,0,0,0,0,0,0,0,28,0,0,0,0,0,0,0,3,0,0,0,0,1,1,0,0,0,0,0,0,10,0,0,14,0,0,0,0,0,0,16,2,31,0,1,0,0,0,0,0,0,0,0,0,0,0,0,0,0,0,0,0,0,0,0,0,0,0,0,0,0,0,0,0,0,0,0,0,0,0,0,0,0,1,0,0,0,0,0,0,0,0,0,0,0,0,0,0,0,0,0,0,30,0,0,0,0,0,0,0,0,0,0,0,0,0,0,0,1,0,0,0,0,0,0,0,0,0,0,0,0,0,0,0,0,0,0,0,0,0,0,0,0,0,0,0,0,0,0,0,0,1,0,0,2,0,0,0,0,0,0,0,0,0,1,0,0,0,0,0,0,0,0,0,0,0,0,0,0,0,0,0,0,0,0,0,0,0,0,0,0,0,0,0,0,0,0,0,0,0,0,0,0,0,0,0,0,0,0,0,0,0,0,0,0,0,0,0,0,0,0,0,0,0,0,0,0,0,0,0,0,0,0,0,0,0,0,61,0,0,0,0,0,0,0,0,0,0,0,0,0,0,0,0,0,0,0,0,0,0,0,0,0,0,0,0,0,0,0,0,0,0,0,0,0,0,0,0,14,0,0,0,0,0,0,0,0,0,0,0,0,0,0,0,0,0,0,0,0,0,0,0,0,0,0,0,0,0,0,0,0,0,0,0,0,0,0,0,0,0,0,0,0,0,0,0,0,0,0,0,0,0,0,0,0,0,0,0,1,0,52,2,0,1,0,0,0,0,0,0,42,0,0,0,0,0,0,0,0,7,0,0,0,0,0,0,0,0,0,0,0,0,45,0,38,0,0,0,57,0,0,0,0,61,0,3,0,0,0,0,0,0,0,57,35,0,0,0,0,0,49,16,5,0,12,0,0,0,0,59,0,0,0,1,0,2,16,0,0,0,0,0,0,0,0,0,0,0,8,13,0,11,0,0,0,0,0,3,0,0,0,57,0,0,0,0,0,42,0,0,10,0,0,16,0,12,0,0,0,1,0,0,0,0,0,0,0,0,0,0,0,0
LC26,3,1,0,1,1,3,0,14,0,0,1,0,1,8,6,1,40,12,0,1,0,20,15,0,38,13,0,0,0,13,1,0,7,2,2,0,1,28,6,0,0,0,0,0,0,0,0,26,1,0,0,0,11,0,0,11,22,0,0,3,0,2,0,0,0,29,40,1,1,0,0,10,2,1,0,0,20,0,0,3,32,1,11,0,0,0,21,6,0,0,2,0,0,19,0,3,1,0,0,0,33,10,0,0,4,0,0,0,0,0,0,3,7,0,5,0,0,0,0,0,0,0,1,0,0,0,5,0,0,0,0,0,13,0,7,0,0,0,0,1,0,1,1,0,13,0,8,0,0,0,0,22,0,0,0,0,0,0,0,0,1,0,0,0,14,3,0,0,0,0,0,0,0,0,0,0,0,5,0,0,0,0,0,0,0,0,0,0,0,0,0,0,0,5,0,0,0,0,1,0,0,0,0,0,0,0,0,0,0,0,0,0,0,5,0,0,6,0,0,0,0,0,2,0,0,0,0,1,0,34,0,0,0,0,1,0,36,0,0,0,0,0,0,0,0,0,4,0,1,10,0,0,0,0,0,0,0,0,17,0,0,5,1,23,0,0,0,0,0,0,0,0,0,1,0,2,0,0,17,8,2,2,0,0,0,0,1,0,0,0,0,0,0,0,17,0,0,0,0,0,0,0,11,0,0,0,0,0,0,0,0,19,2,0,0,0,0,0,0,0,0,0,0,0,0,0,1,1,1,0,0,2,29,0,0,0,0,0,0,0,0,0,0,0,1,0,0,0,0,1,0,0,0,0,0,1,0,0,3,0,0,0,0,0,0,0,3,0,0,0,0,0,0,0,0,0,0,0,0,0,0,0,0,0,0,0,0,0,0,0,1,0,3,0,0,0,0,0,0,0,0,0,0,0,1,0,0,0,0,0,0,0,0,0,0,0,0,0,0,0,1,0,0,0,0,0,0,0,4,0,0,0,0,0,0,0,0,0,2,0,0,0,0,0,0,0,0,0,0,0,0,0,2,0,0,0,0,0,0,0,0,0,0,5,0,0,0,0,0,8,0,0,0,0,0,0,0,0,0,0,0,0,0,1,0,0,0,0,0,0,0,0,0,0,0,0,0,0,0,0,1,0,0,0,0,0,0,0,0,0,0,0,0,0,0,0,0,0,0,0,0,0,0,0,0,0,0,0,0,0,0,0,0,0,0,0,0,0,0,0,0,0,0,0,0,0,0,0,0,0,0,0,0,0,0,0,0,0,0,0,0,0,0,0,0,0,0,0,0,0,0,0,0,0,0,0,0,0,0,0,0,0,0,0,0,0,0,0,0,0,0,0,0,0,0,0,0,0,0,0,0,0,0,0,0,0,0,0,0,0,0,0,0,0,0,0,0,0,4,0,0,0,0,0,0,0,0,0,0,0,0,0,0,0,0,0,0,0,0,0,0,0,0,0,0,0,0,0,0,0,0,0,0,0,0,0,0,0,0,0,0,0,0,0,0,0,0,0,0,0,0,0,0,0,0,0,0,0,0,0,0,0,0,0,0,0,0,0,0,0,0,0,0,0,0,0,0,0,0,0,0,0,0,0,0,0,0,0,0,0,0,0,0,0,0,0,0,0,0,0,0,1,12,1,0,0,2,0,0,0,0,0,0,0,0,0,0,0,0,0,0,0,0,0,0,0,0,0,0,0,0,0,0,0,0,0,0,0,0,0,0,0,0,0,0,0,0,0,0,0,0,0,0,38,2,0,0,0,0,0,5,0,37,3,0,1,0,0,0,0,0,0,0,0,0,0,3,0,0,0,0,0,0,0,0,0,0,0,0,0,1,0,20,0,0,0,0,0,4,0,0,0,0,0,3,0,0,0,32,0,0,3,0,0,0,0,0,0,0,0,35,0,0,0,0,0,0,0,0,0,0,0,0
LC24,39,22,24,25,0,0,0,0,0,0,33,0,40,0,6,0,19,15,0,1,0,1,8,0,4,3,0,10,0,1,11,28,24,9,4,0,21,10,12,12,12,0,0,0,0,1,1,4,1,0,0,0,11,1,0,20,1,0,0,2,0,0,0,0,0,8,16,11,4,0,1,1,0,2,0,0,7,0,0,0,0,0,16,4,0,0,3,3,0,0,0,0,0,25,0,8,0,1,0,0,3,14,0,0,31,0,0,0,0,0,0,1,3,2,0,0,0,0,0,0,0,0,34,0,0,0,29,0,0,0,0,0,8,0,4,0,0,0,0,2,0,1,2,24,2,0,29,0,0,0,0,26,0,0,1,0,0,0,0,0,0,0,0,0,51,4,0,0,1,0,1,0,0,0,0,0,0,4,0,0,0,0,0,0,0,0,0,0,0,1,0,0,0,10,0,0,0,0,0,0,0,0,1,0,1,0,0,0,0,0,0,0,0,0,0,0,1,0,0,0,0,0,0,0,0,0,0,0,0,1,0,0,1,0,0,0,1,0,2,0,0,0,0,2,0,0,0,0,0,1,0,0,0,0,0,0,0,0,0,0,0,0,0,0,0,0,0,0,0,0,0,0,0,15,1,0,0,0,1,1,0,2,0,0,0,0,0,0,0,0,0,0,0,0,0,1,0,0,0,0,0,0,2,0,0,0,0,0,0,0,0,0,0,0,0,0,0,0,0,0,0,0,0,0,0,0,0,0,0,2,0,0,1,0,0,0,0,0,0,0,0,0,0,0,0,0,0,0,0,0,0,0,0,0,0,0,0,0,0,0,0,0,0,0,2,0,1,0,0,0,0,0,1,0,0,0,0,0,0,0,0,0,0,0,0,0,0,0,0,0,1,0,0,0,0,0,0,0,0,0,0,0,0,0,0,0,0,0,0,0,0,0,0,0,0,0,0,0,0,0,0,0,0,0,0,0,0,0,0,0,0,0,0,0,0,0,0,0,1,0,0,0,0,0,0,0,0,0,0,0,0,0,0,0,1,0,0,0,0,0,0,0,0,0,0,0,0,0,0,2,0,0,0,0,0,0,0,0,0,0,0,0,0,0,0,0,0,0,0,0,0,0,0,0,0,0,0,0,0,0,1,0,0,0,0,0,0,0,0,0,0,0,0,0,0,0,0,0,0,0,0,0,0,0,0,0,0,0,0,0,0,0,0,0,0,0,0,0,0,0,0,0,0,0,0,0,0,0,0,0,0,0,0,0,0,0,0,0,0,0,0,0,0,0,0,0,0,0,0,0,0,0,0,0,0,0,0,0,0,0,0,0,0,0,0,0,0,0,0,0,0,0,0,0,0,0,0,0,0,0,0,0,0,0,0,0,0,0,0,0,0,0,0,0,0,0,0,0,1,0,0,0,0,0,0,0,0,0,0,0,0,0,0,0,0,0,0,0,0,0,0,0,0,0,0,0,0,0,0,0,0,0,0,0,0,0,0,0,0,0,0,0,0,0,0,0,0,0,0,0,0,0,0,0,0,0,0,0,0,0,0,0,0,0,0,0,0,0,0,0,0,0,0,0,0,0,0,0,0,0,0,0,0,0,0,0,0,0,0,0,0,0,0,0,0,0,0,0,0,0,0,0,17,16,0,0,30,0,0,0,0,0,0,0,0,0,0,0,0,0,0,0,0,0,0,0,0,0,0,0,0,0,0,0,0,0,0,0,0,0,0,0,0,0,1,0,1,0,0,0,0,0,0,1,0,0,0,0,0,1,9,0,2,14,0,1,0,0,0,0,0,0,0,0,0,0,0,6,0,0,0,0,0,0,0,0,0,0,0,0,0,0,1,0,0,0,0,0,0,0,0,0,1,0,0,0,0,0,4,0,0,12,0,0,0,0,0,0,0,0,6,0,0,0,0,0,0,0,0,0,0,0,0
LC25,2,0,0,0,1,0,1,0,2,0,0,0,0,0,5,0,1,3,0,0,0,0,7,9,0,5,0,0,0,0,0,5,1,0,9,0,2,1,0,0,0,0,2,0,0,0,0,11,0,0,0,0,7,1,0,1,2,0,0,0,0,11,0,0,0,1,1,0,0,0,0,6,0,11,0,0,0,7,0,1,1,0,0,0,0,0,0,6,0,0,0,0,0,8,0,7,7,0,0,0,4,3,0,0,1,0,0,1,0,0,0,7,0,0,0,0,0,0,2,0,0,0,0,0,0,0,3,0,0,0,0,0,5,0,4,0,0,0,0,3,0,2,0,0,3,0,4,0,0,0,0,30,0,0,0,0,0,0,0,0,0,0,0,0,10,4,0,0,0,0,0,0,0,0,0,0,3,15,0,0,1,0,0,0,0,5,0,0,4,0,0,0,0,2,0,0,0,0,1,0,0,3,2,0,0,0,0,0,0,3,0,0,0,16,0,1,8,0,0,0,0,0,0,0,13,0,0,3,0,1,0,0,0,0,1,0,1,0,0,0,0,0,0,1,0,0,0,0,0,3,0,2,0,0,0,0,0,0,0,0,0,2,0,1,0,0,0,0,0,0,0,0,0,9,10,2,0,0,4,14,4,16,0,0,0,0,6,0,0,0,0,0,0,0,10,3,0,0,1,0,0,0,1,0,0,0,1,0,0,1,0,1,1,1,0,0,1,1,1,0,0,0,0,0,0,0,4,0,1,9,0,0,1,0,1,0,0,0,0,0,0,1,0,0,0,0,0,0,0,0,0,0,0,0,0,1,0,2,1,0,0,0,0,0,1,0,3,4,0,0,0,0,1,1,0,0,0,0,0,0,0,1,0,0,0,0,0,0,0,0,1,0,11,0,0,0,0,0,0,0,0,0,0,0,20,0,0,0,0,0,0,1,0,0,0,0,0,1,0,3,12,0,0,2,0,10,0,0,0,0,0,0,0,0,1,0,0,0,4,0,0,0,0,0,0,0,0,1,0,0,1,0,0,1,5,0,0,0,0,0,0,0,0,18,13,0,0,8,0,0,0,0,0,0,0,5,0,0,0,13,0,0,0,1,0,0,0,0,0,0,1,0,1,0,0,0,0,13,0,0,19,2,2,0,3,0,2,0,0,2,2,0,0,14,0,0,0,0,0,0,2,0,0,0,0,7,0,0,0,0,0,0,1,0,0,0,3,0,0,8,1,0,0,0,0,0,0,0,0,0,0,0,0,0,0,0,0,0,0,0,0,0,0,0,0,0,0,0,0,0,0,0,0,0,0,0,0,0,0,0,0,0,0,0,0,0,0,0,0,0,0,0,0,0,0,0,0,0,0,0,0,0,0,0,0,0,0,0,0,0,0,0,0,0,0,0,0,0,8,0,0,0,0,0,0,0,0,0,0,0,0,1,0,0,0,0,0,0,0,0,0,0,0,0,0,0,0,0,0,0,0,0,0,0,0,0,0,0,0,0,0,0,0,0,0,0,0,0,0,0,0,0,0,0,0,0,0,0,0,0,0,0,0,0,0,0,0,0,0,0,0,0,0,0,0,0,0,0,0,0,0,0,0,0,0,0,0,0,0,0,0,0,0,0,0,0,0,0,0,0,0,0,1,0,4,1,0,0,0,0,0,0,0,0,0,0,2,0,0,0,0,0,0,0,0,0,0,0,0,0,0,0,0,0,0,0,0,0,0,0,0,0,0,0,1,0,1,0,0,0,0,0,0,1,6,0,0,0,0,0,2,1,1,0,0,1,0,0,0,0,13,0,0,0,5,0,4,0,0,0,0,0,0,0,0,0,0,0,0,0,8,0,1,0,0,0,0,0,0,0,0,0,1,0,0,0,0,0,3,0,0,2,1,0,0,0,0,0,0,0,0,0,0,0,0,0,0,1,0,0,0,0,0
LC20,0,0,0,0,0,0,0,0,0,19,2,0,0,0,0,0,9,0,0,0,0,0,0,0,0,0,0,0,0,0,0,0,0,0,0,0,0,0,0,0,1,15,0,1,0,0,0,0,0,0,0,0,1,0,1,0,0,0,0,0,0,0,0,0,1,0,0,0,0,0,0,0,0,0,0,0,0,0,0,0,0,0,12,2,2,0,3,0,0,0,0,0,7,4,0,0,0,0,0,0,0,3,19,0,2,0,0,0,0,0,0,0,2,1,22,2,0,0,0,0,0,1,0,0,0,0,0,0,0,0,0,0,0,0,0,0,2,11,0,0,0,0,0,14,3,0,13,6,0,0,22,0,0,0,1,2,0,0,0,0,1,0,0,0,0,0,0,0,0,0,0,0,0,0,0,2,0,1,0,8,0,0,0,0,0,0,0,0,0,0,0,1,0,0,0,0,0,0,0,0,0,0,2,0,0,0,0,0,0,0,0,0,0,0,0,0,0,0,0,0,0,0,0,0,0,0,0,0,0,0,0,0,0,0,1,0,0,0,0,0,0,1,24,1,0,0,1,0,0,0,0,4,0,0,0,0,0,1,0,1,0,0,0,0,0,0,0,0,0,0,13,0,0,1,0,0,0,0,0,0,0,0,0,0,0,0,0,3,0,2,2,0,0,1,0,0,0,0,0,0,0,0,1,0,0,0,0,0,0,0,0,0,0,0,21,0,1,7,2,6,0,0,0,0,0,0,0,0,0,0,0,0,0,0,0,0,0,0,0,0,0,0,0,0,0,0,0,0,0,0,6,7,0,0,0,0,0,0,0,0,0,7,0,0,0,0,0,0,0,0,0,0,0,0,0,0,0,0,0,0,0,0,0,0,0,8,6,0,4,0,0,0,0,0,0,0,0,0,0,0,0,0,0,0,0,0,0,0,0,0,0,0,0,0,0,0,0,0,0,0,0,0,0,0,0,0,0,0,3,0,0,0,0,0,0,0,0,0,0,0,0,0,0,0,0,1,0,0,0,0,0,5,0,0,1,0,0,0,0,0,0,0,0,0,0,0,0,0,0,0,0,0,0,0,0,0,0,0,0,0,0,0,0,0,0,0,8,0,1,0,0,0,0,0,0,0,0,0,0,0,0,0,0,0,0,0,0,0,0,0,0,0,0,0,0,0,2,0,0,0,0,0,0,0,0,0,0,0,0,0,0,0,0,0,0,0,0,0,0,0,0,0,0,0,0,0,0,0,0,0,0,0,0,0,0,0,0,0,0,0,0,0,0,0,0,0,0,0,0,0,0,0,0,0,0,0,0,0,0,0,0,0,0,0,0,0,0,0,0,0,0,0,0,0,0,0,0,0,0,0,0,0,0,0,0,0,0,0,0,0,0,0,0,0,0,0,0,0,0,0,0,0,0,0,0,0,0,0,0,0,0,0,0,0,0,0,0,0,0,0,0,0,0,0,0,0,0,0,0,0,0,0,0,0,0,0,0,0,0,0,0,0,0,0,0,0,0,0,0,0,0,0,0,0,0,0,0,0,0,0,0,0,0,0,0,0,0,0,0,0,0,0,0,0,0,0,0,0,0,0,0,0,0,0,12,0,0,0,0,0,0,0,0,0,0,0,0,0,0,0,0,0,0,0,0,0,1,0,0,0,0,0,0,20,0,0,0,0,0,0,0,0,0,0,0,0,0,0,18,0,0,0,0,0,0,0,0,0,26,0,0,5,0,0,0,0,0,0,0,0,0,2,0,0,0,0,0,0,0,26,0,0,0,0,0,0,0,0,0,1,0,0,0,0,0,1,0,0,0,0,0,0,0,1,0,0,0,0,0,0,0,0,3,0,0,0,0,0,2,0,0,0,0,0,1,0,0,0,0,0,0,0,0,0,0,0,0,0,0,0,0,0,0,0,0,0,0,0,0,0,0,0,0
LC22,0,0,0,0,0,0,0,0,0,0,0,0,0,0,0,0,0,0,0,0,0,0,0,0,0,0,0,0,0,0,0,0,0,0,0,30,0,0,0,0,0,0,0,1,3,0,0,0,0,27,11,0,0,0,0,0,0,0,0,0,0,0,32,0,0,0,0,0,0,0,0,0,0,0,0,16,0,0,0,0,0,0,0,0,0,0,0,0,0,0,0,0,0,0,0,0,0,0,0,4,0,0,36,16,0,0,0,0,0,0,0,0,0,0,0,9,35,26,0,0,0,0,0,0,4,0,0,0,0,0,0,0,0,0,0,16,5,19,0,0,7,0,0,0,0,27,0,0,17,10,12,0,2,3,0,9,0,0,0,0,0,1,0,0,0,0,0,0,0,0,0,0,0,0,14,7,0,0,0,21,0,0,0,0,0,0,0,0,0,0,1,0,23,0,0,0,2,36,0,0,0,0,6,0,0,0,0,0,0,0,0,0,0,0,18,0,0,0,0,0,0,0,0,0,0,0,0,0,0,0,0,0,27,0,0,20,0,0,0,0,0,4,2,0,25,1,0,8,0,0,0,0,0,3,0,0,18,18,0,1,0,0,0,0,0,0,1,0,3,0,1,0,6,0,0,0,0,0,0,0,0,0,0,0,0,0,0,1,0,0,18,12,0,0,0,0,0,0,0,0,0,0,0,0,0,0,0,0,0,0,0,0,0,0,0,2,0,0,0,0,27,19,7,0,0,0,0,0,0,0,0,0,0,2,1,0,0,0,0,0,0,0,0,0,0,0,0,0,18,0,26,0,17,4,1,0,0,0,0,7,0,5,0,2,0,0,0,0,0,0,0,0,0,0,0,0,0,0,0,0,0,0,0,0,0,0,3,4,0,0,0,0,0,0,0,0,0,0,0,0,0,0,0,0,0,0,0,0,0,0,0,0,1,1,0,0,0,0,8,0,0,0,0,0,0,0,0,0,0,0,0,0,2,0,0,0,0,0,0,20,7,21,13,0,1,7,0,0,0,0,0,0,0,0,0,0,0,0,26,0,0,0,0,0,0,1,0,0,0,0,0,0,0,0,0,0,0,0,0,0,0,0,0,0,0,16,4,0,3,4,2,0,0,0,0,0,0,0,0,0,0,0,0,0,0,0,0,0,0,0,0,0,0,0,0,0,18,34,0,0,0,13,1,0,0,0,0,0,0,0,0,17,6,0,0,0,0,0,0,0,0,0,0,0,0,0,0,0,0,0,0,0,5,11,6,1,22,0,26,3,0,0,0,0,0,0,0,0,0,1,0,0,0,0,0,0,0,0,29,0,0,0,0,0,0,30,0,0,0,0,0,0,0,0,0,0,0,0,0,0,31,0,12,18,10,11,0,0,0,22,0,0,0,0,0,0,0,0,0,0,0,0,34,0,0,0,0,0,0,0,0,0,0,16,0,1,13,0,0,0,0,0,0,0,0,0,0,0,0,0,0,0,0,0,0,14,7,9,0,0,0,0,0,19,0,0,0,0,0,0,0,0,0,0,0,0,29,0,25,19,0,2,0,0,0,0,0,0,0,0,0,0,0,2,0,0,0,0,0,0,0,0,0,0,4,0,0,0,0,0,0,0,0,0,0,0,0,0,0,0,0,0,0,0,0,0,0,0,0,0,9,0,0,0,26,13,0,0,0,0,0,0,0,0,0,3,0,0,0,8,29,0,0,0,3,0,1,1,9,0,0,13,0,0,0,0,0,0,0,1,0,19,1,0,0,0,0,0,0,0,0,0,0,0,2,0,0,0,0,0,0,0,0,0,0,18,0,0,36,21,0,0,0,0,0,0,0,0,0,0,0,3,0,0,0,6,0,0,0,0,0,0,0,2,1,0,0,0,0,35,0,0,0,8,0,0,0,0,0,0,0,0,28,0,9,14,0,0,0,0,1,0,0
LPLC1,0,0,0,0,0,0,0,0,10,0,0,0,0,0,0,0,26,0,0,0,0,0,0,0,0,0,0,0,0,0,0,0,0,0,0,0,0,0,0,0,0,0,0,0,0,0,0,0,0,0,0,0,0,0,0,0,0,0,0,0,0,0,0,0,0,0,0,0,0,0,0,0,0,0,1,0,0,0,0,0,0,0,0,0,0,0,0,0,0,0,0,0,0,0,0,0,0,0,0,0,0,0,1,0,0,0,0,0,0,12,0,0,13,34,1,0,0,0,0,0,0,0,0,23,0,0,0,0,4,10,0,4,0,1,0,3,0,0,24,0,0,0,0,0,4,0,0,0,0,13,2,0,0,2,0,1,0,24,0,4,1,0,0,21,1,0,19,0,0,1,0,0,0,0,0,0,9,0,31,0,4,1,2,0,0,0,0,15,3,0,0,0,0,0,0,0,0,0,0,5,0,3,3,0,0,0,0,0,0,0,0,0,3,0,0,1,0,0,7,32,0,3,0,7,0,1,16,0,3,0,0,1,0,0,0,0,0,0,0,1,2,0,15,0,0,0,0,0,0,0,0,3,0,0,0,0,0,0,0,0,0,0,0,0,2,0,0,22,0,0,0,0,0,0,0,0,0,0,0,0,0,0,0,0,0,1,3,0,1,1,0,3,0,3,0,0,0,0,0,0,0,2,3,0,0,0,0,1,3,1,0,0,0,0,0,0,1,0,3,3,5,0,0,0,56,0,0,0,0,0,60,0,0,2,0,0,0,6,0,0,0,0,0,0,0,0,0,13,0,60,0,37,0,0,0,0,0,2,0,1,0,0,10,0,2,0,2,0,0,0,0,1,0,0,0,7,0,33,0,0,36,0,0,2,0,19,0,0,3,3,0,11,0,0,4,1,2,0,2,0,0,0,0,1,14,6,0,0,23,0,0,5,0,0,25,0,0,0,0,0,10,60,60,0,0,0,1,2,0,3,0,0,25,0,21,0,1,0,0,0,0,0,0,60,0,0,0,28,1,3,1,2,0,0,0,4,1,0,0,60,0,0,0,0,1,8,0,0,1,0,0,2,0,2,0,1,0,0,22,2,0,0,10,0,0,0,0,0,1,0,3,0,60,0,0,11,60,0,2,0,0,0,0,1,0,0,0,6,0,0,0,0,55,2,0,0,7,0,30,0,0,0,27,0,0,2,22,2,30,30,3,8,23,1,0,2,0,1,0,0,0,0,51,2,1,12,40,50,7,1,1,0,0,0,9,0,0,1,60,8,0,57,2,32,59,0,0,0,1,2,37,13,0,0,2,0,0,0,4,0,2,21,1,31,41,0,0,0,9,0,0,40,1,0,0,0,0,0,0,0,0,0,0,0,1,0,29,30,60,0,46,4,21,1,42,0,1,0,0,0,2,16,0,37,45,0,33,1,2,0,1,0,0,0,1,0,0,0,0,0,0,0,1,9,0,0,1,0,1,0,0,1,0,0,29,0,0,0,0,0,0,25,0,0,0,0,0,0,1,5,1,0,0,0,26,0,0,0,0,2,0,2,0,0,0,0,0,1,0,0,0,1,0,36,8,0,0,0,0,0,1,0,0,0,0,0,0,0,0,0,0,0,0,0,0,0,35,0,0,0,0,0,0,0,1,0,0,0,2,1,0,0,0,0,0,0,0,0,2,1,0,0,3,4,0,0,1,0,0,2,0,0,0,56,0,0,0,0,0,60,1,0,0,0,0,0,52,0,0,2,60,0,58,0,0,0,60,0,4,0,0,0,0,0,0,0,0,51,1,55,0,0,0,0,11,0,0,0,20,0,0,3,1,31,0,0,60,0,0,2,0,0,24,0,0,0,0,56,0,0,0,30,0,0,1,0,60,0,0,0,1,0,0,0,0,0,0,0,0,29,0,0,0,33,0,0,0,0,3,0,22,0,0
LC18,0,0,0,0,0,0,0,0,8,0,0,0,0,0,0,0,0,0,0,0,0,0,0,0,0,0,0,0,0,0,0,0,0,0,0,0,0,0,0,0,0,0,0,0,0,0,0,0,0,0,0,0,0,0,0,0,0,0,0,0,0,0,0,0,0,0,0,0,0,0,0,0,0,0,0,0,0,0,0,0,0,0,0,0,0,0,0,0,0,0,0,0,0,0,0,0,0,0,0,0,0,0,0,0,0,0,0,0,0,0,0,0,0,1,0,0,4,0,0,0,0,84,0,0,0,0,0,0,2,103,0,5,0,0,1,0,0,0,0,0,0,0,0,0,0,0,0,0,0,0,0,0,0,0,0,0,0,87,0,1,5,0,0,0,0,0,0,0,0,100,0,0,0,0,0,0,4,0,24,0,4,0,75,0,0,0,0,0,2,0,0,0,0,0,0,0,0,0,0,4,0,19,0,0,0,0,0,0,0,0,0,66,0,0,0,16,0,0,0,0,0,0,0,60,0,0,0,0,6,0,2,14,0,0,0,0,0,0,0,49,1,0,0,36,0,0,0,0,0,0,0,0,0,0,0,0,0,0,0,0,0,0,0,0,0,0,0,0,0,0,0,0,0,0,0,0,0,0,0,3,0,0,0,0,62,0,0,0,0,0,0,0,0,1,0,0,0,0,0,0,0,1,29,0,0,0,0,4,5,33,8,0,0,4,0,0,74,2,11,1,0,0,0,0,0,0,0,0,1,3,20,0,0,8,0,0,0,0,1,64,75,0,56,2,0,83,0,97,0,0,0,0,0,0,0,0,5,0,0,1,0,0,1,0,0,0,0,0,0,6,0,0,0,0,0,10,0,0,0,0,0,2,0,0,0,0,0,0,0,0,0,0,0,0,30,0,49,0,0,0,0,0,40,5,1,3,0,0,99,0,0,4,0,0,0,0,0,0,0,0,0,0,0,0,0,0,0,0,0,80,0,83,4,0,15,101,45,0,0,0,0,0,0,0,0,0,0,0,0,0,0,0,0,0,0,0,13,0,0,0,0,0,3,0,0,30,44,0,0,0,3,0,2,0,0,3,93,80,4,0,63,65,0,0,0,0,0,0,0,0,47,1,0,0,13,24,0,0,89,0,0,0,0,0,0,0,0,87,0,0,0,69,8,1,0,1,0,0,6,0,0,0,0,12,9,1,9,1,0,0,0,0,2,0,0,0,0,0,0,0,0,0,4,4,2,3,39,2,0,75,0,60,0,0,0,0,0,0,0,0,0,4,4,0,0,0,0,0,0,70,1,95,5,93,0,79,0,36,0,0,65,0,0,0,0,0,0,7,0,0,0,0,87,0,0,70,0,79,0,0,0,34,0,0,0,0,0,0,0,0,0,0,3,0,13,1,101,0,0,92,96,0,0,0,9,96,14,2,43,89,38,0,6,0,0,0,0,0,2,41,0,12,93,54,0,0,98,75,0,4,4,79,0,0,0,0,0,0,0,0,0,0,1,0,31,85,42,42,82,0,2,0,6,0,3,37,0,26,0,0,36,0,74,0,0,1,1,0,30,1,0,0,0,0,0,0,0,0,0,0,0,0,0,3,0,0,0,0,0,0,0,0,0,31,0,0,0,0,0,0,0,0,0,0,0,0,0,50,0,18,0,0,0,0,0,0,0,0,9,92,0,0,0,10,1,0,100,0,0,0,0,0,53,0,0,0,0,0,0,1,0,0,0,0,0,0,16,0,0,0,0,0,0,0,0,0,1,0,0,0,0,0,0,0,0,0,63,3,62,13,0,0,0,3,0,0,0,0,0,0,7,0,0,0,0,8,4,0,0,39,0,0,0,7,0,0,0,0,0,0,0,3,0,0,34,0,0,0,0,0,50,0,0,0,0,0,0,0,0,0,0,0,0,0,0,0,0,0,45,0,0,36,0
LC15,0,0,0,0,0,0,0,0,8,0,0,0,0,0,40,0,0,0,0,0,0,0,8,1,0,0,0,0,0,0,0,0,0,0,0,0,0,0,0,0,0,0,0,0,0,0,0,5,0,0,0,0,0,0,0,0,0,0,0,0,0,0,0,0,0,0,0,0,0,0,0,0,0,44,0,0,0,0,38,0,0,0,0,0,0,0,0,22,0,0,0,0,0,1,0,3,2,0,0,0,4,0,0,0,0,0,0,0,0,0,0,0,0,0,0,0,0,0,0,0,0,0,0,0,0,0,0,0,0,1,0,0,0,0,0,0,0,0,0,0,0,48,0,0,10,0,0,0,0,0,0,51,0,0,3,0,0,0,39,19,35,0,0,0,1,37,0,0,0,0,0,0,0,40,0,0,55,0,0,0,58,0,0,0,0,0,0,0,30,20,0,0,0,0,0,0,0,0,1,0,0,3,37,0,0,0,0,0,0,28,0,0,0,2,0,4,40,0,0,0,0,0,0,0,56,37,0,46,7,4,2,0,0,0,0,0,1,0,4,0,6,0,0,0,0,0,13,0,0,6,0,55,0,0,10,0,0,0,2,0,0,3,0,0,0,0,0,0,0,0,0,0,0,30,52,2,0,0,4,0,2,4,0,0,0,0,32,0,0,0,0,0,0,0,3,34,0,0,0,0,0,0,13,3,9,0,55,0,0,10,5,2,0,3,0,0,1,2,15,2,0,0,0,0,0,0,3,35,3,62,0,46,0,0,0,0,0,0,0,0,0,47,0,47,0,0,0,0,0,0,0,0,0,0,0,39,1,35,32,0,0,0,0,0,2,0,0,0,0,0,1,0,0,28,0,0,0,1,0,0,0,44,0,0,0,0,0,0,0,0,0,0,0,0,60,0,0,0,0,0,0,0,0,0,61,0,0,0,0,0,0,0,0,0,0,0,3,14,0,0,8,0,0,0,1,0,4,0,1,0,1,0,2,0,0,0,0,24,32,0,0,0,0,0,0,0,22,15,7,0,22,0,45,3,50,8,0,6,0,0,0,0,39,3,0,0,8,31,0,31,0,0,0,0,0,40,0,0,0,4,0,0,0,0,0,0,0,0,0,0,0,12,0,49,6,0,0,38,24,0,37,59,0,61,62,19,8,0,0,49,35,0,0,3,45,0,0,0,0,0,39,0,0,0,0,0,0,0,0,0,0,0,6,0,0,0,58,0,0,9,1,46,0,0,6,0,0,0,0,0,0,0,0,0,0,0,0,0,0,0,0,0,0,0,0,0,0,0,7,0,0,0,0,0,0,0,1,0,0,0,0,0,0,0,0,0,0,0,0,0,0,0,0,0,0,0,0,0,17,0,0,0,0,0,0,0,0,0,0,0,0,0,0,0,0,0,0,0,0,0,0,0,0,0,0,0,0,0,0,0,0,0,0,0,0,0,0,0,0,0,0,0,0,0,0,0,0,0,0,0,0,0,0,0,0,0,0,0,0,0,0,0,0,0,0,0,0,0,0,0,0,0,0,0,0,0,0,0,0,0,0,0,0,0,0,0,0,0,0,0,0,0,0,0,0,0,0,0,0,0,0,0,0,0,0,0,0,0,0,0,0,0,0,0,0,0,0,0,0,1,0,0,0,0,0,0,0,0,9,1,0,0,0,0,0,0,0,0,0,0,0,0,0,0,0,0,0,0,0,0,0,11,0,0,0,1,0,0,0,1,0,0,0,0,10,0,0,0,0,0,0,0,0,0,10,0,0,0,0,0,0,0,5,0,0,28,0,0,0,0,6,0,0,0,2,0,53,0,0,0,0,0,0,0,0,0,26,0,0,1,1,0,0,0,0,0,0,0,17,0,0,0,0,0,0,0,0,0,0,0,0,0,7,0,0,0,0,0,0,0,0,0,0,0,0,0,0,57,59,0,0,0,0
LC11,0,0,0,0,2,0,0,0,1,0,0,2,0,2,0,0,4,0,0,0,0,0,0,0,0,0,0,0,37,0,0,0,1,0,0,0,0,0,0,0,0,0,0,0,1,0,0,0,0,0,0,0,0,0,0,0,0,0,0,0,0,3,0,0,0,0,0,0,0,0,0,0,0,0,0,0,0,0,0,1,0,7,0,0,0,0,0,0,0,0,0,0,1,0,0,0,0,0,0,0,0,0,59,0,0,0,34,0,0,0,0,0,1,3,0,0,0,0,0,0,0,3,0,0,0,0,0,0,1,44,0,71,0,0,0,0,0,0,2,0,0,0,2,0,46,0,0,0,0,0,0,0,0,0,0,0,0,71,0,25,0,0,0,0,0,0,0,0,0,71,0,54,0,0,0,0,2,0,6,0,2,0,0,0,16,13,0,0,1,0,0,1,0,1,0,0,0,0,1,0,1,71,0,0,0,0,37,0,0,0,42,0,70,0,0,71,0,0,0,0,0,1,0,71,0,41,16,0,37,0,3,21,0,0,13,0,0,0,0,0,6,0,0,1,0,0,0,0,5,0,0,56,0,0,45,0,0,0,21,0,0,0,13,18,3,0,0,0,0,0,0,0,0,0,0,5,0,0,0,0,0,9,0,0,0,0,0,0,43,0,0,4,0,0,0,0,0,0,4,0,0,38,32,0,6,0,0,3,1,11,71,62,0,71,0,0,0,1,60,0,0,0,0,0,0,0,0,0,0,3,36,2,0,3,43,0,0,43,0,0,0,0,54,0,11,42,40,71,0,1,0,31,0,0,0,0,1,9,0,35,0,0,13,0,4,0,0,0,0,0,0,0,0,0,0,0,0,58,0,0,0,0,0,0,0,43,0,0,35,23,0,0,2,5,4,66,0,0,1,0,14,0,0,0,1,58,36,0,70,0,0,2,0,0,0,1,4,0,0,16,1,1,1,0,26,0,19,0,0,0,27,50,17,35,0,18,1,0,11,0,0,0,0,0,0,0,3,4,3,41,3,26,1,24,0,28,67,2,0,0,49,18,60,3,4,0,0,0,17,1,32,59,5,35,0,0,0,0,0,30,0,0,0,0,0,0,0,0,0,0,69,5,0,0,1,6,0,0,3,0,0,0,7,0,1,49,8,4,0,0,0,0,47,0,56,0,1,0,19,21,54,0,23,64,63,0,39,68,13,0,71,0,25,36,0,43,41,62,27,1,0,1,17,0,12,4,22,0,0,0,59,0,0,0,2,0,0,68,0,0,71,27,65,27,26,40,70,3,38,0,0,0,54,51,0,0,0,0,0,0,56,49,71,0,0,0,63,50,0,66,0,11,9,0,27,0,0,0,0,0,0,0,0,0,68,0,0,0,0,0,0,0,0,0,0,0,0,0,0,0,0,17,0,0,0,4,0,0,0,0,36,0,0,0,0,0,0,0,0,0,0,0,0,2,0,0,0,0,27,0,0,0,0,0,0,0,0,0,0,1,0,0,0,0,0,0,0,0,0,0,0,0,0,14,0,0,0,0,0,0,0,0,0,1,0,0,0,0,0,0,0,0,0,0,0,0,0,0,0,0,0,0,0,0,0,0,0,0,0,0,0,0,0,0,0,0,0,0,0,48,0,0,0,0,0,1,0,27,36,0,0,0,0,0,0,0,0,0,0,0,0,36,1,66,0,0,0,0,0,0,2,6,0,0,0,21,0,0,2,0,0,0,0,0,0,0,71,0,0,0,0,1,1,14,0,0,0,4,32,0,0,0,0,0,0,0,0,0,0,5,12,0,43,0,2,0,0,0,0,0,0,0,0,1,0,0,69,0,0,71,0,0,0,0,0,0,12,0,24,24,0,0,0,18,1,0,0,0,0,0,0,0,0,0,4,0,0,0,0,0,0,0,0,0,0,0,0,0,4,4,21,0,0
LC21,0,0,0,0,0,0,0,0,0,0,0,0,0,3,0,0,0,0,0,0,3,0,0,0,0,0,0,0,0,0,0,0,0,0,0,0,0,0,0,0,0,0,0,0,0,0,0,0,0,0,0,0,0,37,0,0,0,0,0,0,0,0,0,0,0,0,0,0,0,0,0,0,0,2,0,0,0,0,2,0,0,0,0,0,0,0,0,0,0,0,0,0,0,4,0,0,1,0,0,0,0,0,0,0,0,0,0,0,0,0,0,1,0,0,0,0,0,0,0,26,0,52,0,0,0,0,0,0,0,6,0,10,0,0,0,0,0,0,0,0,0,1,3,0,3,0,0,0,0,0,0,4,0,0,0,0,0,4,1,25,50,6,0,0,0,10,0,0,0,0,0,0,0,13,0,0,8,0,0,0,16,0,0,0,0,1,0,0,58,6,0,14,0,10,0,0,0,0,0,0,0,8,42,0,0,0,0,0,0,0,1,0,0,35,0,9,6,0,0,0,0,0,0,0,6,40,1,65,75,0,8,10,0,0,31,0,0,0,63,0,46,0,72,4,0,0,22,0,20,0,0,66,0,0,0,0,0,0,67,0,0,0,0,0,0,0,0,0,0,0,0,0,0,0,5,39,0,0,0,0,49,69,0,0,0,0,0,0,3,0,0,0,0,0,1,0,0,0,1,0,0,3,4,0,75,0,74,75,11,75,1,13,62,16,0,0,3,12,73,7,0,0,0,0,0,0,1,1,0,66,3,6,0,0,0,0,0,0,0,3,0,12,0,2,0,0,0,0,0,0,0,0,0,0,0,2,4,75,59,20,0,0,0,0,44,0,0,0,0,0,0,0,0,0,0,0,0,0,0,0,0,1,0,0,0,2,0,2,13,2,0,0,75,0,2,0,0,0,1,0,0,0,0,0,3,0,0,0,0,0,0,0,0,0,3,3,16,37,0,62,69,5,5,0,1,1,17,0,33,0,1,0,12,0,1,0,0,0,2,0,0,0,0,0,0,0,61,9,50,4,62,1,8,27,66,33,0,19,0,2,16,0,49,74,1,0,56,0,0,54,67,0,0,0,0,0,0,0,0,0,0,0,0,0,0,0,9,0,0,0,64,75,2,14,74,1,0,0,1,0,0,0,27,0,4,1,26,0,0,6,15,0,0,23,50,0,0,0,2,29,4,0,0,0,0,0,0,0,0,0,10,0,10,50,28,0,11,0,0,53,0,1,0,0,52,2,0,0,1,0,0,0,0,0,1,0,0,0,0,0,0,0,0,0,1,0,2,35,0,0,0,0,1,0,0,0,0,0,0,0,1,0,15,0,0,0,3,0,0,0,0,0,0,0,0,0,0,0,0,0,0,0,0,0,0,0,0,0,0,0,0,0,0,0,0,0,0,0,0,0,0,0,0,0,0,0,1,0,0,0,6,0,0,0,0,0,0,0,0,0,0,0,0,0,0,0,0,0,0,0,0,0,0,0,1,0,0,2,0,0,0,0,0,0,0,0,0,0,0,0,0,0,0,54,0,0,0,0,0,0,0,0,0,0,0,0,0,0,0,0,0,0,0,0,0,0,0,0,0,0,0,0,0,0,0,0,0,0,0,0,0,0,0,0,0,0,0,0,0,1,0,0,0,0,0,32,0,0,0,5,0,0,0,0,0,0,0,0,4,0,0,0,0,0,0,0,0,0,0,0,0,1,0,0,0,28,0,0,1,0,0,0,0,0,0,0,13,0,0,1,0,1,1,0,6,0,0,0,1,0,0,0,0,0,0,0,0,0,0,0,4,0,0,0,73,0,11,0,0,0,0,0,0,0,0,29,68,0,0,39,0,0,0,0,0,0,0,0,7,21,0,0,0,0,2,0,0,0,0,0,1,0,9,0,0,0,0,0,0,0,2,0,0,0,0,0,0,43,1,0,0,0,0
LC13,0,0,0,0,0,0,0,0,0,0,0,0,0,0,0,0,0,0,0,0,0,0,0,0,0,0,0,0,0,0,0,0,0,0,0,0,0,0,0,0,1,0,0,0,18,0,0,2,0,0,0,23,0,0,65,0,0,0,0,0,0,0,8,0,62,0,0,0,0,0,0,0,0,0,0,0,0,0,0,0,0,0,0,0,57,0,0,0,0,0,0,0,67,0,0,0,0,0,0,51,0,0,5,0,0,0,0,0,0,0,0,0,9,0,2,0,0,0,0,0,0,0,0,0,0,33,0,39,1,0,0,0,0,0,0,0,10,0,0,71,0,1,80,13,41,0,0,7,0,1,3,1,0,0,0,3,0,0,0,0,0,58,62,0,0,0,0,0,0,0,0,0,0,0,0,2,0,0,0,0,0,0,0,0,0,0,0,0,0,0,0,20,0,0,0,0,0,0,0,0,0,0,4,0,0,0,0,0,0,0,0,0,0,0,0,0,3,0,0,0,0,0,0,0,0,0,0,0,0,0,0,0,0,46,0,1,0,0,0,0,0,0,4,81,1,0,0,0,0,0,0,0,0,0,0,0,0,0,0,29,0,0,0,0,0,0,0,0,48,81,64,36,5,0,0,0,0,0,0,0,0,0,0,0,0,0,0,63,81,0,0,0,0,0,0,0,0,0,0,0,0,0,0,0,0,0,0,0,0,13,0,0,0,0,1,8,0,0,0,2,0,0,0,0,0,0,0,0,4,0,0,0,0,0,0,0,0,0,0,0,0,0,0,0,0,0,0,0,0,0,2,0,0,0,0,0,0,8,0,0,30,1,0,0,0,0,0,0,0,0,0,0,0,0,0,0,0,0,0,0,0,0,0,0,0,0,1,2,0,9,0,0,0,0,0,0,0,0,0,0,0,0,0,0,0,0,0,0,0,0,32,0,29,32,0,46,13,1,0,1,0,0,0,0,0,0,0,0,0,0,0,0,0,0,0,0,0,0,0,0,6,0,0,0,0,0,1,4,2,0,0,2,0,0,0,0,0,0,0,0,0,0,0,0,0,0,0,0,0,0,0,0,0,0,0,0,0,0,0,0,0,0,0,0,57,0,62,0,0,0,0,0,0,0,0,0,0,0,0,67,0,0,0,0,0,0,0,0,0,0,0,0,0,0,0,0,0,1,0,0,0,0,30,0,0,0,0,0,0,0,0,0,0,0,0,0,0,0,0,0,0,0,0,0,0,0,0,0,0,0,0,0,0,0,0,3,0,0,0,0,0,0,0,0,0,0,0,0,0,0,0,0,0,0,0,0,0,0,0,0,0,0,0,0,0,0,0,0,0,0,0,0,0,0,0,0,3,0,0,0,0,0,0,0,0,0,0,0,0,0,0,0,0,0,0,0,0,0,0,0,0,0,0,0,0,0,0,0,0,0,0,0,0,0,0,0,0,0,0,0,0,0,0,0,0,0,0,0,0,0,0,0,0,0,0,0,0,1,0,0,0,0,0,0,0,0,0,0,0,0,0,0,0,0,0,0,21,0,0,0,0,0,0,0,0,0,0,0,0,0,0,0,0,0,0,0,0,0,0,0,0,43,0,0,5,0,0,0,0,0,0,0,0,0,0,0,0,0,0,0,0,1,0,0,0,3,0,0,0,0,0,0,0,0,0,0,0,4,0,0,66,2,0,0,0,1,0,0,0,0,0,0,0,0,1,0,25,0,1,0,0,1,0,0,0,0,0,0,0,29,0,0,0,0,0,0,0,0,0,0,0,0,0,0,0,0,0,0,0,0,3,55,0,0,0,1,0,0,5,0,0,0,0,1,0,0,0,0,0,10,0,15,9,0,0,2,0,0,28,0,0,0,0,72,80,0,0,0,0,0,0,0,0,0,0,0,0,2,0,0,0,0,0,0,0,0,0,0,0,0,0,0,0
LC12,0,0,0,0,0,0,0,0,73,0,0,0,0,0,0,0,0,0,0,0,0,0,0,0,0,0,0,0,0,0,0,0,0,0,0,0,0,0,0,0,0,0,0,0,0,0,0,0,0,0,0,0,0,0,0,0,0,0,0,0,0,0,0,0,0,0,0,0,0,0,0,0,0,0,0,0,0,0,0,0,0,0,0,0,0,0,0,0,0,0,0,0,0,0,0,0,0,0,0,0,0,0,0,0,0,0,0,0,0,0,0,0,0,0,0,0,0,0,0,0,0,1,0,0,0,0,0,0,1,2,0,0,0,0,0,0,0,0,0,0,0,0,0,0,0,0,0,0,0,0,0,0,0,0,0,0,0,0,0,214,11,0,0,0,0,0,0,0,0,0,0,0,0,0,0,0,0,0,0,0,0,0,0,0,0,0,0,0,0,0,0,0,0,0,0,0,0,0,0,0,0,12,0,0,0,0,0,0,0,0,0,1,0,0,0,0,0,0,0,0,0,0,0,0,0,0,0,0,2,0,227,227,0,0,0,0,0,0,0,0,0,0,0,0,0,0,0,0,0,0,0,0,0,0,0,0,0,0,0,0,0,0,0,0,0,65,0,0,0,0,0,0,0,0,0,0,0,0,0,0,0,0,0,0,7,0,0,0,2,0,0,0,0,1,0,0,0,0,0,0,0,56,1,0,0,0,0,19,227,15,0,0,0,0,0,0,0,1,108,4,0,0,0,0,0,0,0,0,0,0,0,0,0,0,0,0,0,221,0,2,0,0,0,0,0,0,0,225,0,0,0,1,0,0,0,0,227,13,0,195,0,0,0,0,0,0,0,0,0,0,0,0,0,0,0,0,0,0,0,0,0,0,0,2,0,3,0,0,0,0,0,0,0,0,1,0,148,0,0,0,0,0,0,0,0,75,0,0,225,0,0,0,0,0,0,0,0,0,0,0,0,0,0,0,15,0,0,0,0,0,0,0,3,0,215,0,0,0,0,0,0,0,0,0,0,0,0,0,0,0,0,0,0,0,0,0,0,1,0,0,0,0,0,0,0,0,0,0,0,0,0,1,25,34,0,0,0,0,221,0,20,2,1,0,0,0,0,0,0,0,224,0,0,0,0,227,0,0,0,0,0,0,0,10,0,0,0,0,0,0,0,4,0,0,0,0,0,0,0,0,0,0,0,24,7,0,0,0,0,0,0,0,0,0,0,0,0,0,0,0,118,0,0,222,1,0,0,0,0,0,0,0,0,0,0,0,0,0,0,0,0,1,0,0,0,0,0,0,0,2,0,11,0,0,0,221,201,0,0,0,0,37,0,0,0,0,0,0,1,0,34,1,177,1,0,178,0,218,10,0,0,0,0,0,0,0,0,0,1,0,0,1,0,3,0,133,60,2,0,0,1,0,0,0,1,0,0,227,226,0,0,112,227,0,0,0,0,0,151,144,225,146,0,0,0,224,0,46,0,227,223,122,0,15,0,0,0,28,98,0,11,0,223,0,0,0,1,2,1,0,224,6,29,0,0,0,0,0,0,0,0,0,27,0,86,202,218,9,0,63,55,0,0,0,0,0,0,0,59,63,68,0,0,143,0,0,51,176,0,0,0,0,46,0,0,0,0,0,0,0,0,0,0,0,0,0,0,0,0,227,0,0,0,0,0,0,0,0,227,0,0,0,0,0,220,0,0,0,0,0,0,0,0,1,0,0,0,0,0,0,4,0,0,0,0,0,1,0,0,0,0,0,0,0,0,0,48,0,0,0,0,0,0,0,0,0,44,0,0,0,0,0,0,4,0,0,0,0,0,0,0,0,1,0,0,0,0,0,0,100,0,0,1,0,0,0,0,0,0,0,0,0,0,0,0,0,0,0,0,0,0,0,1,0,0,1,0,0,0,0,0,0,0,0,0,0,0,0,2,24,0,0,0
