LC_bodyId,LC_type,output_bodyId,output_type,X,Y,Z
1875409122,LC25,295816140,PDL10n_pct,7409,20106,19743
1966494349,LC25,296199021,PDM07on_pct,7429,20057,19293
1350268702,LC25,296199021,PDM07on_pct,9071,19783,19149
2243458832,LC25,358514340,PDL13e_pct,8444,19680,20357
1382002299,LC25,358514340,PDL13e_pct,9714,19506,20113
1443026992,LC25,358514340,PDL13e_pct,9539,19607,20029
1350268702,LC25,426148655,,6721,20201,21082
1443026992,LC25,426489841,,6057,22577,21662
1315084914,LC25,447228814,PDL11oa_pct,4117,24273,23328
1500953002,LC25,447228814,PDL11oa_pct,4629,21430,23364
1500953002,LC25,447228814,PDL11oa_pct,4644,21236,23321
1967844926,LC25,449949172,PDL27d_pct,6321,20689,21199
1412332938,LC25,449949172,PDL27d_pct,6846,20275,20925
2088950218,LC25,453018720,ADL04w_pct,5481,20980,21512
2088950218,LC25,453018720,ADL04w_pct,5667,20945,21519
2031266973,LC25,453018720,ADL04w_pct,7448,20269,19402
1380957285,LC25,453018720,ADL04w_pct,6932,20142,21090
1380957285,LC25,486410031,ADL18a_pct,4808,21320,21654
1933429987,LC25,486410031,ADL18a_pct,5110,21425,21391
1967844926,LC25,486410031,ADL18a_pct,3416,24018,21227
1375798493,LC25,486410031,ADL18a_pct,8308,20533,20956
1443364051,LC25,486410031,ADL18a_pct,4657,24111,21980
2243458832,LC25,515394155,PDL13e_pct,7688,20520,19379
2088950218,LC25,517086196,AVL27d_pct,4496,22978,21866
2000903820,LC25,517086196,AVL27d_pct,4981,22406,21831
1658155884,LC25,517086196,AVL27d_pct,4946,22312,21857
1443026992,LC25,543692985,ADL02t_pct,9672,19575,20251
1933429987,LC25,544383511,ADL07d_pct,6052,20681,21206
1381298126,LC25,544383511,ADL07d_pct,6629,20194,20924
1750929611,LC25,544383511,ADL07d_pct,6267,20501,20974
2001633881,LC25,574395727,PDL09e_pct,8948,19641,18953
2001633881,LC25,574395727,PDL09e_pct,8919,19541,18928
2088950218,LC25,574395727,PDL09e_pct,6011,20237,21439
2308585856,LC25,574395727,PDL09e_pct,8892,19513,18986
1875409122,LC25,574395727,PDL09e_pct,5990,19931,21507
1624083046,LC25,574395727,PDL09e_pct,6016,19918,21638
1350268702,LC25,575081131,ADL24r_pct,6374,20683,20333
1315084914,LC25,577123102,PDL13e_pct,4396,22705,21491
1381298126,LC25,577123102,PDL13e_pct,7258,19712,21205
2243458832,LC25,577123102,PDL13e_pct,4210,22391,21538
1624083046,LC25,577123102,PDL13e_pct,5095,22252,21787
1443026992,LC25,577123102,PDL13e_pct,6053,19903,22417
1443026992,LC25,577123102,PDL13e_pct,4309,22992,21638
1777227052,LC25,577123102,PDL13e_pct,4319,22654,21475
1777227052,LC25,577123102,PDL13e_pct,4348,22783,21478
1658155884,LC25,577123102,PDL13e_pct,4285,22809,21538
2088950218,LC25,581262846,ADL14s_pct,7200,21228,18906
2088950218,LC25,581262846,ADL14s_pct,7547,20537,19387
2088950218,LC25,581262846,ADL14s_pct,7567,20597,19377
2031266973,LC25,581262846,ADL14s_pct,7431,20357,19463
2031266973,LC25,581262846,ADL14s_pct,7333,20296,19486
2031266973,LC25,581262846,ADL14s_pct,3468,23754,21279
1350268702,LC25,581262846,ADL14s_pct,7312,20495,20810
1350268702,LC25,581262846,ADL14s_pct,7305,20501,20837
1933429987,LC25,581262846,ADL14s_pct,7413,21057,21086
1967844926,LC25,581262846,ADL14s_pct,9237,19475,20581
1381298126,LC25,581262846,ADL14s_pct,9329,19680,20635
1381298126,LC25,581262846,ADL14s_pct,9414,19697,20559
1381298126,LC25,581262846,ADL14s_pct,8386,20494,20118
1381298126,LC25,581262846,ADL14s_pct,9388,19652,20524
1381298126,LC25,581262846,ADL14s_pct,7584,20473,19402
1381298126,LC25,581262846,ADL14s_pct,8466,20421,20090
2243458832,LC25,581262846,ADL14s_pct,9257,19932,20034
2243458832,LC25,581262846,ADL14s_pct,5681,21538,21180
2243458832,LC25,581262846,ADL14s_pct,8557,20127,20317
2243458832,LC25,581262846,ADL14s_pct,7594,20499,19385
1412332938,LC25,581262846,ADL14s_pct,7344,20472,20111
1412332938,LC25,581262846,ADL14s_pct,7273,20366,20730
1750929611,LC25,581262846,ADL14s_pct,10112,19842,20523
1750929611,LC25,581262846,ADL14s_pct,8442,20204,20207
1315084914,LC25,581599704,ADL14m_c_pct,6644,19911,21825
1380957285,LC25,581599704,ADL14m_c_pct,10107,20417,18977
1933429987,LC25,581599704,ADL14m_c_pct,5100,21426,21408
1933429987,LC25,581599704,ADL14m_c_pct,5110,21425,21391
1967844926,LC25,581599704,ADL14m_c_pct,6321,20689,21199
2243458832,LC25,581599704,ADL14m_c_pct,8348,21881,19939
1344086667,LC25,604773096,PVL09oe_pct,7145,19763,21114
1658155884,LC25,604773096,PVL09oe_pct,7649,20764,21043
2308585856,LC25,609979769,PDM07oo_pct,8571,19724,19070
2001633881,LC25,610321430,PDM07oo_pct,7452,20397,20110
1498582584,LC25,610321430,PDM07oo_pct,8779,20152,18858
2308585856,LC25,610321430,PDM07oo_pct,7197,20556,20675
1967844926,LC25,610321430,PDM07oo_pct,7407,20448,20407
1412332938,LC25,610321430,PDM07oo_pct,7434,20501,20371
1750929611,LC25,612336669,PVL04lb_pct,10112,19842,20523
1381298126,LC25,612634432,ADL14m_d_pct,5600,20623,21412
1344086667,LC25,642629807,PVL18d_pct,4140,23143,21421
2000903820,LC25,642629807,PVL18d_pct,10251,19324,20225
1875409122,LC25,642629807,PVL18d_pct,4140,23130,21555
2243458832,LC25,642629807,PVL18d_pct,3757,23702,21145
1375798493,LC25,642629807,PVL18d_pct,10301,19587,20234
1966494349,LC25,644001906,ADL14s_pct,6757,20334,20811
1905429029,LC25,644001906,ADL14s_pct,5385,20709,21600
1905429029,LC25,644001906,ADL14s_pct,5423,20622,21586
2308585856,LC25,644001906,ADL14s_pct,5711,21072,21516
2308585856,LC25,644001906,ADL14s_pct,9813,20125,19677
2308585856,LC25,644001906,ADL14s_pct,9813,20101,19637
2308585856,LC25,644001906,ADL14s_pct,8464,20539,20274
1380957285,LC25,644001906,ADL14s_pct,9841,20209,19619
1933429987,LC25,644001906,ADL14s_pct,6125,20581,21219
1933429987,LC25,644001906,ADL14s_pct,7161,20667,20107
1933429987,LC25,644001906,ADL14s_pct,10092,21355,19499
2243458832,LC25,644001906,ADL14s_pct,8554,20056,20336
1624083046,LC25,644001906,ADL14s_pct,8730,20171,20016
1500953002,LC25,644001906,ADL14s_pct,5596,20267,21744
1658155884,LC25,644001906,ADL14s_pct,8047,19830,20744
2088950218,LC25,644757911,PDM06c_pct,9809,20108,19786
1380957285,LC25,644757911,PDM06c_pct,7380,20169,19660
1498582584,LC25,665169278,PDL17n_pct,6536,19449,21389
1777227052,LC25,671574812,AVL06p_pct,7982,20584,20205
1443364051,LC25,673090000,PDL21p_b_pct,8568,19325,20430
2000903820,LC25,674687388,ADL14m_a_pct,4504,23546,21907
1443364051,LC25,674687388,ADL14m_a_pct,4639,24066,21983
1344086667,LC25,701201945,ADL02oe_pct,6445,20865,21208
1315084914,LC25,701201945,ADL02oe_pct,9213,20875,21033
1315084914,LC25,701201945,ADL02oe_pct,9145,21021,21065
1905429029,LC25,701201945,ADL02oe_pct,4367,23198,21664
1967844926,LC25,701201945,ADL02oe_pct,7494,21576,21399
1967844926,LC25,701201945,ADL02oe_pct,7544,21650,21439
1382002299,LC25,701201945,ADL02oe_pct,7877,20452,20577
1344086667,LC25,702760942,PDM09og_pct,8185,20510,20904
1315084914,LC25,702760942,PDM09og_pct,8156,20491,20951
1498582584,LC25,702760942,PDM09og_pct,8700,19507,20187
2088950218,LC25,702760942,PDM09og_pct,6062,19822,21786
1966494349,LC25,702760942,PDM09og_pct,7547,20731,20810
1966494349,LC25,702760942,PDM09og_pct,5987,19926,21839
2031266973,LC25,702760942,PDM09og_pct,5726,19862,22610
1380957285,LC25,702760942,PDM09og_pct,6170,19735,21673
2243458832,LC25,702760942,PDM09og_pct,5690,19886,22338
1500953002,LC25,702760942,PDM09og_pct,7221,19669,20940
1658155884,LC25,702760942,PDM09og_pct,7618,20831,21118
1748222538,LC25,702760942,PDM09og_pct,5807,19946,22138
2001633881,LC25,727889637,ADL07d_pct,7504,19505,20908
2000903820,LC25,727889637,ADL07d_pct,6381,19694,21551
1933429987,LC25,727889637,ADL07d_pct,6922,19856,21107
2155418746,LC25,727889637,ADL07d_pct,6160,19604,21489
1412332938,LC25,727889637,ADL07d_pct,7351,19754,20667
1412332938,LC25,727889637,ADL07d_pct,6846,20275,20925
1443026992,LC25,727889637,ADL07d_pct,7097,19882,20876
1748222538,LC25,727889637,ADL07d_pct,6536,19846,21366
1500953002,LC25,730398229,PDM06f_pct,3979,23870,22256
1380957285,LC25,732600113,ADL01oa_pct,7279,20154,19783
2243458832,LC25,733649312,,8554,20056,20336
1658155884,LC25,733649312,,7584,19717,20617
1500953002,LC25,736757369,,8665,20680,20759
1498582584,LC25,737093754,ADL14s_pct,5089,22132,21506
2088950218,LC25,737093754,ADL14s_pct,7200,21228,18906
2031266973,LC25,737093754,ADL14s_pct,3463,23799,21245
2000903820,LC25,737093754,ADL14s_pct,3443,23857,21219
1380957285,LC25,737093754,ADL14s_pct,6932,20142,21090
1875409122,LC25,737093754,ADL14s_pct,4132,23290,21574
1381298126,LC25,737093754,ADL14s_pct,5411,21547,21552
1381298126,LC25,737093754,ADL14s_pct,5323,21498,21575
1381298126,LC25,737093754,ADL14s_pct,9329,19680,20635
1381298126,LC25,737093754,ADL14s_pct,9414,19697,20559
1381298126,LC25,737093754,ADL14s_pct,9127,19679,20618
2243458832,LC25,737093754,ADL14s_pct,9257,19932,20034
2243458832,LC25,737093754,ADL14s_pct,5681,21538,21180
2243458832,LC25,737093754,ADL14s_pct,5669,21564,21221
1382002299,LC25,737093754,ADL14s_pct,5233,21821,21584
1412332938,LC25,737093754,ADL14s_pct,3410,23908,21137
1777227052,LC25,737093754,ADL14s_pct,7859,20635,20237
1875409122,LC25,759960572,PVL09j_pct,9204,19969,19058
1443026992,LC25,760306167,ADL09e_pct,7145,21059,21270
2088950218,LC25,768806088,ADL14m_c_pct,4676,22116,21556
2155418746,LC25,768806088,ADL14m_c_pct,7611,20639,20088
1381298126,LC25,768806088,ADL14m_c_pct,4750,22240,21535
2243458832,LC25,768806088,ADL14m_c_pct,7444,20762,20451
1382002299,LC25,768806088,ADL14m_c_pct,8252,20366,20993
1748222538,LC25,768806088,ADL14m_c_pct,4649,23117,21855
1344086667,LC25,770585045,PVL04ov_pct,4140,23143,21421
2031266973,LC25,770585045,PVL04ov_pct,8886,19787,20578
2031266973,LC25,770585045,PVL04ov_pct,6077,19729,22349
2000903820,LC25,770585045,PVL04ov_pct,6027,19758,22333
1381298126,LC25,770585045,PVL04ov_pct,5411,21547,21552
1381298126,LC25,770585045,PVL04ov_pct,5521,21458,21533
1381298126,LC25,770585045,PVL04ov_pct,5323,21498,21575
1624083046,LC25,770585045,PVL04ov_pct,8596,20243,20066
1500953002,LC25,770585045,PVL04ov_pct,5596,20267,21744
1443026992,LC25,770585045,PVL04ov_pct,9361,19209,20815
1777227052,LC25,770585045,PVL04ov_pct,5967,20874,21515
1750929611,LC25,770585045,PVL04ov_pct,10112,19842,20523
1750929611,LC25,770585045,PVL04ov_pct,5090,21759,21712
1443364051,LC25,770585045,PVL04ov_pct,3860,22362,23272
1748222538,LC25,770585045,PVL04ov_pct,4661,21816,21722
1748222538,LC25,770585045,PVL04ov_pct,3696,22798,21436
1412332938,LC25,790668865,PVL09h_pct,8544,19713,20266
1498582584,LC25,792079254,PDL06y_pct,6712,20529,19981
2308585856,LC25,792079254,PDL06y_pct,7197,20556,20675
1380957285,LC25,792079254,PDL06y_pct,7279,20154,19783
1933429987,LC25,792079254,PDL06y_pct,5100,21426,21408
2000903820,LC25,796733478,PVL05ox_pct,7320,19473,21121
2308585856,LC25,796733478,PVL05ox_pct,5711,21072,21516
1967844926,LC25,796733478,PVL05ox_pct,8087,20471,20191
1381298126,LC25,796733478,PVL05ox_pct,4750,22240,21535
1381298126,LC25,796733478,PVL05ox_pct,6202,19677,22448
1375798493,LC25,796733478,PVL05ox_pct,6311,19533,22391
1750929611,LC25,796733478,PVL05ox_pct,7209,21318,21224
1443364051,LC25,796733478,PVL05ox_pct,7543,19412,20979
1498582584,LC25,796754549,AVL03s_pct,4726,23449,21966
1748222538,LC25,797442049,AVL11b_pct,6905,21402,21462
1382002299,LC25,797796343,ADL14k_pct,9315,19585,20085
1381298126,LC25,821345327,,6500,20186,21189
1748222538,LC25,821345327,,6905,21402,21462
2000903820,LC25,826062651,AVL03p_pct,5881,19895,21881
1380957285,LC25,826062651,AVL03p_pct,8140,20409,20058
1933429987,LC25,826062651,AVL03p_pct,5761,19942,21891
1933429987,LC25,826062651,AVL03p_pct,5719,19966,21894
2243458832,LC25,826062651,AVL03p_pct,3757,23702,21145
1777227052,LC25,826062651,AVL03p_pct,5763,20030,21695
1777227052,LC25,826062651,AVL03p_pct,5853,19952,21794
1658155884,LC25,826062651,AVL03p_pct,5773,19934,22037
1350268702,LC25,852724544,PVL01h_pct,7938,20141,19371
2308585856,LC25,852724544,PVL01h_pct,6077,19631,21407
1380957285,LC25,852724544,PVL01h_pct,7221,20462,20011
1380957285,LC25,852724544,PVL01h_pct,8366,19776,19171
1380957285,LC25,852724544,PVL01h_pct,8455,19739,19180
1380957285,LC25,852724544,PVL01h_pct,5516,19912,22738
2243458832,LC25,852724544,PVL01h_pct,7299,20502,20082
1412332938,LC25,852724544,PVL01h_pct,6063,19672,21797
1412332938,LC25,852724544,PVL01h_pct,6066,19695,21801
1412332938,LC25,852724544,PVL01h_pct,5817,19700,22526
1412332938,LC25,852724544,PVL01h_pct,5875,19620,22455
2031266973,LC25,854093627,PDL09oe_pct,6380,20523,20962
1350268702,LC25,854093627,PDL09oe_pct,7834,20131,19381
2308585856,LC25,854093627,PDL09oe_pct,5084,21106,21662
2308585856,LC25,854093627,PDL09oe_pct,4268,21972,21543
1380957285,LC25,854093627,PDL09oe_pct,7380,20169,19660
1967844926,LC25,854093627,PDL09oe_pct,6321,20689,21199
1381298126,LC25,854093627,PDL09oe_pct,6536,20286,20936
1381298126,LC25,854093627,PDL09oe_pct,5600,20623,21412
2243458832,LC25,854093627,PDL09oe_pct,5033,20866,21601
1412332938,LC25,854093627,PDL09oe_pct,4388,21801,21570
1412332938,LC25,854093627,PDL09oe_pct,4985,20979,21598
1380957285,LC25,854106922,ADL03b_pct,7265,20443,20112
2001633881,LC25,857793013,AVL09v_pct,3523,24444,21071
2088950218,LC25,857793013,AVL09v_pct,4496,22978,21866
1966494349,LC25,857793013,AVL09v_pct,3873,23402,21317
1380957285,LC25,857793013,AVL09v_pct,3339,24281,21226
1380957285,LC25,857793013,AVL09v_pct,7190,20561,20126
1933429987,LC25,857793013,AVL09v_pct,7117,20587,20146
1624083046,LC25,857793013,AVL09v_pct,4060,23489,21298
1658155884,LC25,857793013,AVL09v_pct,3907,23409,21331
1750929611,LC25,858458268,AVL06d_pct,6597,20627,20885
1344086667,LC25,858838262,ADL14m_a_pct,4811,21884,21690
2031266973,LC25,858838262,ADL14m_a_pct,3799,24038,21146
1933429987,LC25,858838262,ADL14m_a_pct,6228,19859,21965
1875409122,LC25,858838262,ADL14m_a_pct,4140,23130,21555
1443026992,LC25,858838262,ADL14m_a_pct,4299,23098,21605
1748222538,LC25,858838262,ADL14m_a_pct,4419,23479,22034
1776886049,LC25,858838262,ADL14m_a_pct,3856,23943,21188
1776886049,LC25,858838262,ADL14m_a_pct,7296,20938,20979
2001633881,LC25,881596353,PDL12v_a_pct,8948,19641,18953
1777227052,LC25,881596353,PDL12v_a_pct,5967,20874,21515
2001633881,LC25,883418989,,9618,19876,19106
1498582584,LC25,883418989,,8804,20168,18894
1777227052,LC25,883418989,,6891,19814,20824
1498582584,LC25,884122973,PVL03t_pct,4588,23446,21976
2155418746,LC25,884122973,PVL03t_pct,6160,19604,21489
1382002299,LC25,884122973,PVL03t_pct,9021,19559,20131
1443026992,LC25,884122973,PVL03t_pct,7115,19993,20966
1350268702,LC25,884446447,PDL09oe_pct,7834,20131,19381
2155418746,LC25,884446447,PDL09oe_pct,7838,20468,19359
1381298126,LC25,884446447,PDL09oe_pct,6536,20286,20936
1498582584,LC25,884450920,AVL08a_pct,6712,20529,19981
2088950218,LC25,884450920,AVL08a_pct,6062,19822,21786
2088950218,LC25,884450920,AVL08a_pct,6028,19793,21807
2031266973,LC25,884450920,AVL08a_pct,6343,20492,20969
1350268702,LC25,884450920,AVL08a_pct,6233,19817,21668
1380957285,LC25,884450920,AVL08a_pct,6170,19735,21673
1967844926,LC25,884450920,AVL08a_pct,6321,20689,21199
1967844926,LC25,884450920,AVL08a_pct,8145,20325,19102
2155418746,LC25,885132185,ADL01oa_pct,7807,20337,19230
2308585856,LC25,889523223,PDL09e_pct,8877,19483,19006
1967844926,LC25,889535602,ADL14m_a_pct,9261,19565,20642
2088950218,LC25,912290165,PVL10t_a_pct,9633,19982,20106
2000903820,LC25,912290165,PVL10t_a_pct,4504,23546,21907
1905429029,LC25,912290165,PVL10t_a_pct,8382,19985,20786
1933429987,LC25,912290165,PVL10t_a_pct,10016,21291,19456
2243458832,LC25,912290165,PVL10t_a_pct,7614,19687,20628
1658155884,LC25,912290165,PVL10t_a_pct,7584,19717,20617
1776886049,LC25,912290165,PVL10t_a_pct,6754,20660,20933
2088950218,LC25,919513165,PVL05h_pct,7404,20653,20732
1966494349,LC25,919513165,PVL05h_pct,4850,21805,21664
2031266973,LC25,919513165,PVL05h_pct,7000,19993,21174
1380957285,LC25,919513165,PVL05h_pct,6113,19648,21702
1381298126,LC25,919513165,PVL05h_pct,7465,20784,20623
1412332938,LC25,919513165,PVL05h_pct,6063,19672,21797
1412332938,LC25,919513165,PVL05h_pct,6066,19695,21801
1777227052,LC25,919513165,PVL05h_pct,4389,22539,21639
1658155884,LC25,919513165,PVL05h_pct,4921,21935,21642
1375798493,LC25,921576508,AVL10e_pct,4319,23290,21457
1500953002,LC25,921576508,AVL10e_pct,4367,22926,21419
1350268702,LC25,944423023,AVL07oo_pct,3269,24818,21542
1344086667,LC25,946495259,PDM12v_pct,8275,20514,20874
1624083046,LC25,946495259,PDM12v_pct,8219,20494,20107
1500953002,LC25,946495259,PDM12v_pct,8349,20458,20774
1966494349,LC25,947530600,AVL18h_pct,7429,20057,19293
1966494349,LC25,947530600,AVL18h_pct,7394,20103,19309
2000903820,LC25,950888882,AVL03t_a_pct,5986,22478,21535
1498582584,LC25,950928506,ADL12a_b_pct,4145,22601,21386
1933429987,LC25,950928506,ADL12a_b_pct,4428,22410,21482
1933429987,LC25,950928506,ADL12a_b_pct,6922,19856,21107
2243458832,LC25,950928506,ADL12a_b_pct,4200,22529,21477
1777227052,LC25,950928506,ADL12a_b_pct,4232,22778,21526
1658155884,LC25,950928506,ADL12a_b_pct,4087,22996,21551
1344086667,LC25,951934183,AVL26b_pct,5233,20316,23341
1498582584,LC25,951934183,AVL26b_pct,6048,19583,22497
2088950218,LC25,951934183,AVL26b_pct,6052,19888,21711
2088950218,LC25,951934183,AVL26b_pct,6062,19822,21786
2088950218,LC25,951934183,AVL26b_pct,6028,19793,21807
1624083046,LC25,951934183,AVL26b_pct,6016,19918,21638
1624083046,LC25,951934183,AVL26b_pct,5529,20025,23216
1344086667,LC25,974027716,PVL10t_b_pct,8185,20510,20904
1382002299,LC25,974027716,PVL10t_b_pct,8216,20404,20932
1382002299,LC25,974027716,PVL10t_b_pct,9315,19585,20085
1500953002,LC25,974027716,PVL10t_b_pct,6052,22778,21627
1748222538,LC25,974027716,PVL10t_b_pct,8331,20136,20656
1905429029,LC25,976187276,PVL09of_pct,4863,21515,21623
1350268702,LC25,976187276,PVL09of_pct,6666,20245,20994
1381298126,LC25,976187276,PVL09of_pct,6629,20194,20924
2243458832,LC25,976187276,PVL09of_pct,5085,21435,21586
2001633881,LC25,977218524,PDL12v_a_pct,4692,21546,21696
2088950218,LC25,977218524,PDL12v_a_pct,5481,20980,21512
1750929611,LC25,977218524,PDL12v_a_pct,5272,21090,21560
2001633881,LC25,977222655,PDL09n_pct,9076,19226,20320
1412332938,LC25,977222655,PDL09n_pct,4394,21878,21560
1748222538,LC25,977222655,PDL09n_pct,4693,21705,21746
1498582584,LC25,977223393,AVM14p_pct,6048,19583,22497
1443364051,LC25,977223393,AVM14p_pct,9471,19193,20297
1658155884,LC25,977223393,AVM14p_pct,6925,19833,21571
2001633881,LC25,977910262,PVL10v_a_pct,9506,19871,19090
1375798493,LC25,977913894,PDL12v_b_pct,6242,19614,22329
1382002299,LC25,977913894,PDL12v_b_pct,5989,19946,22146
1443364051,LC25,978855713,AVL11ob_pct,4657,24111,21980
1443364051,LC25,978855713,AVL11ob_pct,4639,24066,21983
1905429029,LC25,1005857944,AVL04olb,3688,23983,21237
1750929611,LC25,1005857944,AVL04olb,4930,20835,23360
1443364051,LC25,1005857944,AVL04olb,5980,19683,21580
2001633881,LC25,1006146837,PVL02c_pct,8919,19541,18928
1905429029,LC25,1006146837,PVL02c_pct,7653,20218,19918
1967844926,LC25,1006146837,PVL02c_pct,5956,19800,21929
2155418746,LC25,1006146837,PVL02c_pct,7611,20639,20088
1381298126,LC25,1006560977,PDL12v_a_pct,6500,20186,21189
1344086667,LC25,1007550646,PDL09oc_pct,5948,19881,22263
1344086667,LC25,1007550646,PDL09oc_pct,7685,19561,20677
1315084914,LC25,1007550646,PDL09oc_pct,5851,19888,22026
2001633881,LC25,1007550646,PDL09oc_pct,9506,19871,19090
2001633881,LC25,1007550646,PDL09oc_pct,9618,19876,19106
2001633881,LC25,1007550646,PDL09oc_pct,8948,19641,18953
2001633881,LC25,1007550646,PDL09oc_pct,4813,21069,21694
2001633881,LC25,1007550646,PDL09oc_pct,6798,19811,20962
2001633881,LC25,1007550646,PDL09oc_pct,7547,19505,20790
1498582584,LC25,1007550646,PDL09oc_pct,6127,19779,21578
1498582584,LC25,1007550646,PDL09oc_pct,6422,20250,21323
1498582584,LC25,1007550646,PDL09oc_pct,7546,20762,20584
2088950218,LC25,1007550646,PDL09oc_pct,6065,19832,21636
2088950218,LC25,1007550646,PDL09oc_pct,6856,19853,20941
2088950218,LC25,1007550646,PDL09oc_pct,7478,20599,20666
1966494349,LC25,1007550646,PDL09oc_pct,3873,23402,21317
1966494349,LC25,1007550646,PDL09oc_pct,6757,20334,20811
1966494349,LC25,1007550646,PDL09oc_pct,6414,19454,21587
1966494349,LC25,1007550646,PDL09oc_pct,3857,23489,21325
1966494349,LC25,1007550646,PDL09oc_pct,6981,20544,20817
1966494349,LC25,1007550646,PDL09oc_pct,6713,20291,20795
2031266973,LC25,1007550646,PDL09oc_pct,3463,23799,21245
2031266973,LC25,1007550646,PDL09oc_pct,4172,22200,22898
2031266973,LC25,1007550646,PDL09oc_pct,4753,21058,21699
2031266973,LC25,1007550646,PDL09oc_pct,6480,19771,21277
2031266973,LC25,1007550646,PDL09oc_pct,7502,20630,20541
2031266973,LC25,1007550646,PDL09oc_pct,6418,20421,20918
2000903820,LC25,1007550646,PDL09oc_pct,5881,19895,21881
2000903820,LC25,1007550646,PDL09oc_pct,6027,19758,22333
2000903820,LC25,1007550646,PDL09oc_pct,4677,21835,21664
2000903820,LC25,1007550646,PDL09oc_pct,8341,20465,20209
2000903820,LC25,1007550646,PDL09oc_pct,6049,19750,22221
2000903820,LC25,1007550646,PDL09oc_pct,5873,19964,21938
2000903820,LC25,1007550646,PDL09oc_pct,5837,19990,21899
2000903820,LC25,1007550646,PDL09oc_pct,8113,20230,19204
1905429029,LC25,1007550646,PDL09oc_pct,4367,23198,21664
1905429029,LC25,1007550646,PDL09oc_pct,4825,21719,22203
1905429029,LC25,1007550646,PDL09oc_pct,4825,21748,22230
1905429029,LC25,1007550646,PDL09oc_pct,5841,19725,22837
1905429029,LC25,1007550646,PDL09oc_pct,6144,19782,22201
1905429029,LC25,1007550646,PDL09oc_pct,7417,20312,20664
1905429029,LC25,1007550646,PDL09oc_pct,8349,19988,20684
1350268702,LC25,1007550646,PDL09oc_pct,6666,20245,20994
1350268702,LC25,1007550646,PDL09oc_pct,7938,20141,19371
1350268702,LC25,1007550646,PDL09oc_pct,6082,19853,22201
1350268702,LC25,1007550646,PDL09oc_pct,4764,21248,21709
1350268702,LC25,1007550646,PDL09oc_pct,5141,21816,21709
1350268702,LC25,1007550646,PDL09oc_pct,4734,21876,22237
1350268702,LC25,1007550646,PDL09oc_pct,5091,21865,21662
1350268702,LC25,1007550646,PDL09oc_pct,6708,20257,20962
2308585856,LC25,1007550646,PDL09oc_pct,5084,21106,21662
1380957285,LC25,1007550646,PDL09oc_pct,5942,19743,21833
1380957285,LC25,1007550646,PDL09oc_pct,6193,19664,21697
1380957285,LC25,1007550646,PDL09oc_pct,7373,20331,20726
1933429987,LC25,1007550646,PDL09oc_pct,6936,19730,21062
1933429987,LC25,1007550646,PDL09oc_pct,8420,20413,20302
1967844926,LC25,1007550646,PDL09oc_pct,4087,22988,21333
1967844926,LC25,1007550646,PDL09oc_pct,5956,19800,21929
1967844926,LC25,1007550646,PDL09oc_pct,6342,19489,21699
1875409122,LC25,1007550646,PDL09oc_pct,9204,19969,19058
1875409122,LC25,1007550646,PDL09oc_pct,4013,22034,23114
1875409122,LC25,1007550646,PDL09oc_pct,4071,21988,23057
1875409122,LC25,1007550646,PDL09oc_pct,4066,22012,23067
1875409122,LC25,1007550646,PDL09oc_pct,5065,21140,21635
1875409122,LC25,1007550646,PDL09oc_pct,6341,20376,20997
1875409122,LC25,1007550646,PDL09oc_pct,6408,20369,20915
1875409122,LC25,1007550646,PDL09oc_pct,7896,19776,20431
2155418746,LC25,1007550646,PDL09oc_pct,5145,21024,21627
2155418746,LC25,1007550646,PDL09oc_pct,6715,19704,21606
2155418746,LC25,1007550646,PDL09oc_pct,6109,19664,21579
2155418746,LC25,1007550646,PDL09oc_pct,6309,20463,21150
2155418746,LC25,1007550646,PDL09oc_pct,6325,20433,21008
1381298126,LC25,1007550646,PDL09oc_pct,7453,20695,20634
1381298126,LC25,1007550646,PDL09oc_pct,6562,20279,20907
1381298126,LC25,1007550646,PDL09oc_pct,5897,20469,21891
1381298126,LC25,1007550646,PDL09oc_pct,6724,21789,21442
1381298126,LC25,1007550646,PDL09oc_pct,5980,19774,21572
1381298126,LC25,1007550646,PDL09oc_pct,6741,20281,20909
2243458832,LC25,1007550646,PDL09oc_pct,7444,20762,20451
1375798493,LC25,1007550646,PDL09oc_pct,5353,20573,21604
1375798493,LC25,1007550646,PDL09oc_pct,4253,23417,21647
1375798493,LC25,1007550646,PDL09oc_pct,4264,23307,21568
1382002299,LC25,1007550646,PDL09oc_pct,9315,19585,20085
1382002299,LC25,1007550646,PDL09oc_pct,9846,21283,19612
1382002299,LC25,1007550646,PDL09oc_pct,5925,19841,22646
1382002299,LC25,1007550646,PDL09oc_pct,4785,21827,22326
1382002299,LC25,1007550646,PDL09oc_pct,5956,19864,22650
1382002299,LC25,1007550646,PDL09oc_pct,5634,20205,21828
1382002299,LC25,1007550646,PDL09oc_pct,5169,22011,21635
1382002299,LC25,1007550646,PDL09oc_pct,5139,20805,21617
1382002299,LC25,1007550646,PDL09oc_pct,8890,19555,20128
1624083046,LC25,1007550646,PDL09oc_pct,4074,23264,21341
1624083046,LC25,1007550646,PDL09oc_pct,4821,21038,21740
1624083046,LC25,1007550646,PDL09oc_pct,6725,19909,21587
1624083046,LC25,1007550646,PDL09oc_pct,4083,23444,21307
1624083046,LC25,1007550646,PDL09oc_pct,6220,20547,21192
1624083046,LC25,1007550646,PDL09oc_pct,6242,20467,21191
1500953002,LC25,1007550646,PDL09oc_pct,5531,19942,22609
1500953002,LC25,1007550646,PDL09oc_pct,5392,21153,22618
1500953002,LC25,1007550646,PDL09oc_pct,4176,23090,21455
1500953002,LC25,1007550646,PDL09oc_pct,8817,20806,20863
1500953002,LC25,1007550646,PDL09oc_pct,7434,20519,20717
1500953002,LC25,1007550646,PDL09oc_pct,8559,20083,20856
1412332938,LC25,1007550646,PDL09oc_pct,8544,19713,20266
1412332938,LC25,1007550646,PDL09oc_pct,6806,20259,20920
1412332938,LC25,1007550646,PDL09oc_pct,6297,20425,21294
1412332938,LC25,1007550646,PDL09oc_pct,5881,19739,22084
1412332938,LC25,1007550646,PDL09oc_pct,6017,19701,21864
1412332938,LC25,1007550646,PDL09oc_pct,4911,21098,21603
1412332938,LC25,1007550646,PDL09oc_pct,5332,20431,21635
1412332938,LC25,1007550646,PDL09oc_pct,3565,23318,21272
1412332938,LC25,1007550646,PDL09oc_pct,7464,19732,20646
1443026992,LC25,1007550646,PDL09oc_pct,3701,22101,22407
1443026992,LC25,1007550646,PDL09oc_pct,4836,21761,22364
1443026992,LC25,1007550646,PDL09oc_pct,3763,22060,22331
1443026992,LC25,1007550646,PDL09oc_pct,5553,20030,22426
1443026992,LC25,1007550646,PDL09oc_pct,5586,19909,22351
1777227052,LC25,1007550646,PDL09oc_pct,5853,19952,21794
1777227052,LC25,1007550646,PDL09oc_pct,5962,20873,21464
1777227052,LC25,1007550646,PDL09oc_pct,3960,23399,21221
1777227052,LC25,1007550646,PDL09oc_pct,4364,23642,21953
1777227052,LC25,1007550646,PDL09oc_pct,6063,20834,21420
1777227052,LC25,1007550646,PDL09oc_pct,4026,23378,21195
1750929611,LC25,1007550646,PDL09oc_pct,6597,20627,20885
1750929611,LC25,1007550646,PDL09oc_pct,5090,21759,21712
1750929611,LC25,1007550646,PDL09oc_pct,6267,20501,20974
1750929611,LC25,1007550646,PDL09oc_pct,5522,19917,22608
1750929611,LC25,1007550646,PDL09oc_pct,6723,19775,21753
1750929611,LC25,1007550646,PDL09oc_pct,6727,19778,21605
1750929611,LC25,1007550646,PDL09oc_pct,10036,19870,20447
1443364051,LC25,1007550646,PDL09oc_pct,4639,24066,21983
1443364051,LC25,1007550646,PDL09oc_pct,9471,19193,20297
1443364051,LC25,1007550646,PDL09oc_pct,3736,24176,21298
1443364051,LC25,1007550646,PDL09oc_pct,6843,20366,20790
1658155884,LC25,1007550646,PDL09oc_pct,4087,22996,21551
1658155884,LC25,1007550646,PDL09oc_pct,4921,21935,21642
1658155884,LC25,1007550646,PDL09oc_pct,7584,19717,20617
1658155884,LC25,1007550646,PDL09oc_pct,3907,23409,21331
1658155884,LC25,1007550646,PDL09oc_pct,6009,20975,21469
1658155884,LC25,1007550646,PDL09oc_pct,5959,19748,22679
1658155884,LC25,1007550646,PDL09oc_pct,2945,22920,22377
1658155884,LC25,1007550646,PDL09oc_pct,4996,21647,22333
1658155884,LC25,1007550646,PDL09oc_pct,5728,20067,22003
1658155884,LC25,1007550646,PDL09oc_pct,5830,19948,21991
1658155884,LC25,1007550646,PDL09oc_pct,5027,22001,21619
1658155884,LC25,1007550646,PDL09oc_pct,6791,19850,21583
1658155884,LC25,1007550646,PDL09oc_pct,3951,23502,21230
1658155884,LC25,1007550646,PDL09oc_pct,3909,23488,21345
1658155884,LC25,1007550646,PDL09oc_pct,6021,20913,21383
1748222538,LC25,1007550646,PDL09oc_pct,4661,21816,21722
1748222538,LC25,1007550646,PDL09oc_pct,6536,19846,21366
1748222538,LC25,1007550646,PDL09oc_pct,4488,21111,22050
1748222538,LC25,1007550646,PDL09oc_pct,4844,20809,23482
1748222538,LC25,1007550646,PDL09oc_pct,4790,20850,23495
1748222538,LC25,1007550646,PDL09oc_pct,5689,20018,22071
1748222538,LC25,1007550646,PDL09oc_pct,3787,22105,21770
1748222538,LC25,1007550646,PDL09oc_pct,3880,23419,21199
1748222538,LC25,1007550646,PDL09oc_pct,8352,20248,20782
1748222538,LC25,1007550646,PDL09oc_pct,8344,20081,20771
1776886049,LC25,1007550646,PDL09oc_pct,6815,20777,20937
1443026992,LC25,1007576087,PVL10b_pct,4808,21851,22433
2001633881,LC25,1008253493,PDL28a_pct,9506,19871,19090
2001633881,LC25,1008253493,PDL28a_pct,9618,19876,19106
2001633881,LC25,1008253493,PDL28a_pct,8919,19541,18928
2001633881,LC25,1008253493,PDL28a_pct,7547,19505,20790
2001633881,LC25,1008253493,PDL28a_pct,7362,19491,20885
2001633881,LC25,1008253493,PDL28a_pct,6413,20646,20258
1498582584,LC25,1008253493,PDL28a_pct,5875,20741,20951
2088950218,LC25,1008253493,PDL28a_pct,6856,19853,20941
1966494349,LC25,1008253493,PDL28a_pct,6713,20291,20795
1966494349,LC25,1008253493,PDL28a_pct,7292,19501,20896
2031266973,LC25,1008253493,PDL28a_pct,6380,20523,20962
2000903820,LC25,1008253493,PDL28a_pct,6157,20789,21051
1905429029,LC25,1008253493,PDL28a_pct,9021,19894,19073
1350268702,LC25,1008253493,PDL28a_pct,6708,20257,20962
2308585856,LC25,1008253493,PDL28a_pct,6077,19631,21407
2308585856,LC25,1008253493,PDL28a_pct,9067,19594,20880
1380957285,LC25,1008253493,PDL28a_pct,10107,20417,18977
1933429987,LC25,1008253493,PDL28a_pct,6052,20681,21206
2155418746,LC25,1008253493,PDL28a_pct,8941,19293,20382
1381298126,LC25,1008253493,PDL28a_pct,6562,20279,20907
1381298126,LC25,1008253493,PDL28a_pct,6741,20281,20909
1382002299,LC25,1008253493,PDL28a_pct,7197,19947,21161
1624083046,LC25,1008253493,PDL28a_pct,6220,20547,21192
1624083046,LC25,1008253493,PDL28a_pct,7270,20455,20292
1412332938,LC25,1008253493,PDL28a_pct,6806,20259,20920
1412332938,LC25,1008253493,PDL28a_pct,7363,20531,20315
1412332938,LC25,1008253493,PDL28a_pct,5004,21088,21592
1381298126,LC25,1010273518,PDL09od_pct,8466,20421,20090
1750929611,LC25,1038283107,PVL09h_pct,6723,19775,21753
1315084914,LC25,1038926500,PDM26a_pct,6087,19927,22187
1905429029,LC25,1038926500,PDM26a_pct,9021,19894,19073
1350268702,LC25,1038926500,PDM26a_pct,9097,19845,19083
1381298126,LC25,1038926500,PDM26a_pct,4772,22027,21492
2243458832,LC25,1038926500,PDM26a_pct,7614,19687,20628
1382002299,LC25,1038926500,PDM26a_pct,5989,19946,22146
1382002299,LC25,1038926500,PDM26a_pct,5651,20109,21807
1382002299,LC25,1038926500,PDM26a_pct,7331,19981,21144
1412332938,LC25,1038926500,PDM26a_pct,7351,19754,20667
1750929611,LC25,1038926500,PDM26a_pct,6665,19844,21672
1658155884,LC25,1038926500,PDM26a_pct,7584,19717,20617
1748222538,LC25,1038926500,PDM26a_pct,6536,19846,21366
2000903820,LC25,1038938989,PDL09n_pct,7404,20551,20064
1380957285,LC25,1038938989,PDL09n_pct,8140,20409,20058
1500953002,LC25,1038938989,PDL09n_pct,4629,21430,23364
1658155884,LC25,1038938989,PDL09n_pct,2948,23016,22341
1966494349,LC25,1068885266,PVLP001,7535,20859,20844
1750929611,LC25,1068885266,PVLP001,4356,21984,22958
1658155884,LC25,1068885266,PVLP001,7649,20764,21043
2001633881,LC25,1069632261,PDL28a_pct,9506,19871,19090
2001633881,LC25,1069632261,PDL28a_pct,6413,20646,20258
2001633881,LC25,1069632261,PDL28a_pct,9092,19299,20351
2088950218,LC25,1069632261,PDL28a_pct,6011,20237,21439
2088950218,LC25,1069632261,PDL28a_pct,8320,20293,19096
2031266973,LC25,1069632261,PDL28a_pct,7333,20296,19486
2000903820,LC25,1069632261,PDL28a_pct,5837,19990,21899
2000903820,LC25,1069632261,PDL28a_pct,6200,20714,21081
1350268702,LC25,1069632261,PDL28a_pct,6374,20683,20333
1350268702,LC25,1069632261,PDL28a_pct,9071,19783,19149
1350268702,LC25,1069632261,PDL28a_pct,9233,19845,19113
2308585856,LC25,1069632261,PDL28a_pct,9813,20125,19677
2308585856,LC25,1069632261,PDL28a_pct,9813,20101,19637
1380957285,LC25,1069632261,PDL28a_pct,8366,19776,19171
1380957285,LC25,1069632261,PDL28a_pct,8455,19739,19180
1933429987,LC25,1069632261,PDL28a_pct,6936,19730,21062
1967844926,LC25,1069632261,PDL28a_pct,8751,19483,20362
1967844926,LC25,1069632261,PDL28a_pct,8141,20259,19187
1875409122,LC25,1069632261,PDL28a_pct,7409,20106,19743
1875409122,LC25,1069632261,PDL28a_pct,6341,20376,20997
1875409122,LC25,1069632261,PDL28a_pct,6428,20288,20926
1875409122,LC25,1069632261,PDL28a_pct,9141,20008,18976
2155418746,LC25,1069632261,PDL28a_pct,6325,20433,21008
2155418746,LC25,1069632261,PDL28a_pct,6540,19581,21064
2243458832,LC25,1069632261,PDL28a_pct,6082,20295,21865
1624083046,LC25,1069632261,PDL28a_pct,8205,20470,19980
1624083046,LC25,1069632261,PDL28a_pct,7071,19770,21068
1443026992,LC25,1069632261,PDL28a_pct,8697,19511,20333
1777227052,LC25,1069632261,PDL28a_pct,5853,19952,21794
1777227052,LC25,1069632261,PDL28a_pct,5882,20001,21716
1777227052,LC25,1069632261,PDL28a_pct,7072,19824,21068
1381298126,LC25,1070950293,PVLP001,4003,22449,22796
1315084914,LC25,1073691439,ADL14q_pct,9009,19695,20847
1498582584,LC25,1073691439,ADL14q_pct,7945,20817,21000
1498582584,LC25,1073691439,ADL14q_pct,8029,20824,20950
2308585856,LC25,1073691439,ADL14q_pct,9100,19687,20804
1375798493,LC25,1073691439,ADL14q_pct,4264,23307,21568
1375798493,LC25,1073691439,ADL14q_pct,4281,23289,21452
1443026992,LC25,1073691439,ADL14q_pct,4299,23098,21605
1443026992,LC25,1073691439,ADL14q_pct,4300,23146,21597
2243458832,LC25,1073798332,AVL20e_pct,4200,22529,21477
1382002299,LC25,1073798332,AVL20e_pct,4135,22924,21407
1382002299,LC25,1073798332,AVL20e_pct,4187,22781,21437
1624083046,LC25,1073798332,AVL20e_pct,4074,23264,21341
1777227052,LC25,1073798332,AVL20e_pct,4063,23164,21346
1315084914,LC25,1074484603,AVL02olb_pct,4045,22354,23320
1315084914,LC25,1074484603,AVL02olb_pct,4962,21462,22943
1875409122,LC25,1074484603,AVL02olb_pct,4821,21381,23152
1875409122,LC25,1074484603,AVL02olb_pct,3560,23276,22695
1381298126,LC25,1074484603,AVL02olb_pct,4063,22465,22843
1658155884,LC25,1074484603,AVL02olb_pct,3886,22629,22859
1905429029,LC25,1099981052,PDL09n_pct,6765,19893,21981
2243458832,LC25,1099981052,PDL09n_pct,5681,21538,21180
1748222538,LC25,1102407288,AVL03q_pct,4419,23479,22034
1443364051,LC25,1105169664,AVL20d_pct,8568,19325,20430
1344086667,LC25,1128200628,PDL09z_pct,5442,21175,22749
1344086667,LC25,1128200628,PDL09z_pct,5471,21154,22738
1315084914,LC25,1128200628,PDL09z_pct,4032,22188,23176
1500953002,LC25,1128200628,PDL09z_pct,5392,21153,22618
2000903820,LC25,1130359511,PDL09f_pct,6200,20714,21081
1933429987,LC25,1130359511,PDL09f_pct,6922,19856,21107
1967844926,LC25,1130359511,PDL09f_pct,6217,20745,21203
1875409122,LC25,1130359511,PDL09f_pct,7277,19754,20800
2155418746,LC25,1130359511,PDL09f_pct,6309,20463,21150
1624083046,LC25,1130359511,PDL09f_pct,6220,20547,21192
1750929611,LC25,1130359511,PDL09f_pct,7242,19749,20710
1315084914,LC25,1130714433,PDL09m_pct,6644,19911,21825
1776886049,LC25,1130714433,PDL09m_pct,5703,19817,22847
2031266973,LC25,1131988003,ADL01j_pct,7000,19993,21174
1905429029,LC25,1131988003,ADL01j_pct,6876,19890,21910
1350268702,LC25,1131988003,ADL01j_pct,4734,21876,22237
1382002299,LC25,1135458373,PVL04s_pct,3490,24047,21337
1443026992,LC25,1135458373,PVL04s_pct,3577,24044,22224
1777227052,LC25,1135458373,PVL04s_pct,4559,22060,22343
1344086667,LC25,1137503987,AVL11f_pct,3956,22311,23181
1315084914,LC25,1137503987,AVL11f_pct,6197,19924,22346
1315084914,LC25,1137503987,AVL11f_pct,4032,22188,23176
1315084914,LC25,1137503987,AVL11f_pct,6094,19963,22478
1315084914,LC25,1137503987,AVL11f_pct,6087,19927,22187
1933429987,LC25,1137503987,AVL11f_pct,4744,23475,21451
1344086667,LC25,1138855577,ADL28b_pct,4428,22166,23317
1315084914,LC25,1138855577,ADL28b_pct,4396,22705,21491
1315084914,LC25,1138855577,ADL28b_pct,4383,22595,21492
2000903820,LC25,1138855577,ADL28b_pct,5760,22446,21732
2308585856,LC25,1138855577,ADL28b_pct,5902,19749,22278
1933429987,LC25,1138855577,ADL28b_pct,4467,22490,21544
1933429987,LC25,1138855577,ADL28b_pct,4892,23484,21395
1967844926,LC25,1138855577,ADL28b_pct,7494,21576,21399
1967844926,LC25,1138855577,ADL28b_pct,5158,21728,21646
1381298126,LC25,1138855577,ADL28b_pct,5745,19920,22175
2243458832,LC25,1138855577,ADL28b_pct,5743,19852,22212
1375798493,LC25,1138855577,ADL28b_pct,6002,19697,22378
1375798493,LC25,1138855577,ADL28b_pct,8485,20273,20221
1382002299,LC25,1138855577,ADL28b_pct,5233,21821,21584
1382002299,LC25,1138855577,ADL28b_pct,4507,22536,21656
1412332938,LC25,1138855577,ADL28b_pct,3399,24351,21236
1443026992,LC25,1138855577,ADL28b_pct,4367,22979,21729
1443026992,LC25,1138855577,ADL28b_pct,7061,20970,21228
1443026992,LC25,1138855577,ADL28b_pct,8828,19563,20090
1443026992,LC25,1138855577,ADL28b_pct,8810,19531,20077
1777227052,LC25,1138855577,ADL28b_pct,4359,22567,21566
1750929611,LC25,1138855577,ADL28b_pct,5333,21094,21586
1750929611,LC25,1138855577,ADL28b_pct,3503,24078,21244
1748222538,LC25,1138855577,ADL28b_pct,5807,19946,22138
1748222538,LC25,1138855577,ADL28b_pct,5654,20857,21642
1776886049,LC25,1138855577,ADL28b_pct,5966,19605,22434
1875409122,LC25,1158903092,PDL09z_pct,4013,22034,23114
1315084914,LC25,1161399526,PVL04ov_pct,3704,22274,22653
2001633881,LC25,1161399526,PVL04ov_pct,4165,22726,21577
2031266973,LC25,1161399526,PVL04ov_pct,3952,22784,21498
2000903820,LC25,1161399526,PVL04ov_pct,10028,19437,20397
2000903820,LC25,1161399526,PVL04ov_pct,7363,19444,21115
1380957285,LC25,1161399526,PVL04ov_pct,4831,21220,21622
1382002299,LC25,1161399526,PVL04ov_pct,4924,21311,21719
1382002299,LC25,1161399526,PVL04ov_pct,7157,20055,21121
1443026992,LC25,1161399526,PVL04ov_pct,3363,22481,22322
1443026992,LC25,1161399526,PVL04ov_pct,4579,21971,22520
1443026992,LC25,1161399526,PVL04ov_pct,3915,22761,21454
1443026992,LC25,1161399526,PVL04ov_pct,5431,21156,21625
1750929611,LC25,1161399526,PVL04ov_pct,4446,22899,21518
1750929611,LC25,1161399526,PVL04ov_pct,4402,22879,21507
1315084914,LC25,1167541601,,3704,22274,22653
1315084914,LC25,1167541601,,6098,20052,22458
1498582584,LC25,1167541601,,5997,19681,22580
1905429029,LC25,1167541601,,5840,19727,22686
1905429029,LC25,1167541601,,4876,21687,22097
1380957285,LC25,1167541601,,5417,19963,22826
1967844926,LC25,1167541601,,5775,19846,22493
1875409122,LC25,1167541601,,4888,21419,23137
1875409122,LC25,1167541601,,3511,23347,22723
1875409122,LC25,1167541601,,3598,23310,22589
1375798493,LC25,1167541601,,3875,23591,21127
1624083046,LC25,1167541601,,4060,23489,21298
1624083046,LC25,1167541601,,5815,19844,22627
1500953002,LC25,1167541601,,4644,21236,23321
1500953002,LC25,1167541601,,4635,21310,23337
1500953002,LC25,1167541601,,5392,21153,22618
1443026992,LC25,1167541601,,3836,22080,22396
1443364051,LC25,1167541601,,5845,19862,22457
1748222538,LC25,1167541601,,3787,22105,21770
1776886049,LC25,1167541601,,5289,20155,23146
1776886049,LC25,1167541601,,5873,19671,22712
2243458832,LC25,1189264680,PDL09m_pct,5690,19886,22338
2243458832,LC25,1189264680,PDL09m_pct,5797,19806,22246
2243458832,LC25,1189264680,PDL09m_pct,5743,19852,22212
1777227052,LC25,1189264680,PDL09m_pct,5603,19920,22457
1658155884,LC25,1189264680,PDL09m_pct,6940,19758,21691
1875409122,LC25,1189605993,PDL09y_a_pct,6408,20369,20915
1344086667,LC25,1190409318,PVL10w_c_pct,6445,20865,21208
2088950218,LC25,1192744779,PDL09y_b_pct,6011,20237,21439
1905429029,LC25,1193214867,AVL03d_a_pct,3688,23983,21237
1443026992,LC25,1222104921,AVL01i_pct,7061,20970,21228
1315084914,LC25,1226831477,PDL09r_pct,6644,19911,21825
1350268702,LC25,1226831477,PDL09r_pct,7312,20495,20810
1443364051,LC25,1226831477,PDL09r_pct,5410,21587,21888
1933429987,LC25,1227135350,PDL09i_pct,5719,19966,21894
2243458832,LC25,1227135350,PDL09i_pct,5690,19886,22338
1875409122,LC25,1256490087,,6428,20288,20926
2031266973,LC25,1257832300,,7333,20296,19486
1315084914,LC25,1259230618,AVL03ov_pct,9213,20875,21033
1905429029,LC25,1259230618,AVL03ov_pct,5385,20709,21600
1905429029,LC25,1259230618,AVL03ov_pct,5423,20622,21586
1905429029,LC25,1259230618,AVL03ov_pct,7653,20218,19918
2243458832,LC25,1259895761,AVL08d_pct,5669,21564,21221
1500953002,LC25,1285155206,PVL09h_pct,5357,21838,21699
1344086667,LC25,1287645091,AVM08k_pct,4196,22990,21404
2001633881,LC25,1287645091,AVM08k_pct,4167,22685,21556
2031266973,LC25,1287645091,AVM08k_pct,4095,22714,21503
1933429987,LC25,1287645091,AVM08k_pct,4467,22490,21544
1375798493,LC25,1287645091,AVM08k_pct,4264,23307,21568
1375798493,LC25,1287645091,AVM08k_pct,10302,19550,20227
1624083046,LC25,1287645091,AVM08k_pct,6016,19918,21638
1500953002,LC25,1287645091,AVM08k_pct,6075,22779,21613
1500953002,LC25,1287645091,AVM08k_pct,6076,22736,21605
1500953002,LC25,1287645091,AVM08k_pct,4176,23090,21455
1500953002,LC25,1287645091,AVM08k_pct,4240,23004,21392
1443026992,LC25,1287645091,AVM08k_pct,6057,22577,21662
1658155884,LC25,1287645091,AVM08k_pct,4087,22996,21551
1658155884,LC25,1287645091,AVM08k_pct,4539,22544,21533
1498582584,LC25,1288202406,PDL09q_pct,6932,20707,20963
1381298126,LC25,1288202406,PDL09q_pct,7068,20508,20912
1315084914,LC25,1288530238,AVL13e_b_pct,8962,19714,20976
2001633881,LC25,1288530238,AVL13e_b_pct,5870,19679,22595
2088950218,LC25,1288530238,AVL13e_b_pct,7316,21224,18941
2031266973,LC25,1288530238,AVL13e_b_pct,5037,20380,22971
1905429029,LC25,1288530238,AVL13e_b_pct,6765,19893,21981
1905429029,LC25,1288530238,AVL13e_b_pct,4320,23129,21743
1380957285,LC25,1288530238,AVL13e_b_pct,5516,19912,22738
1933429987,LC25,1288530238,AVL13e_b_pct,4892,23484,21395
1381298126,LC25,1288530238,AVL13e_b_pct,9329,19680,20635
1412332938,LC25,1288530238,AVL13e_b_pct,5918,19678,22503
1750929611,LC25,1288530238,AVL13e_b_pct,5231,20107,22878
2031266973,LC25,1288888967,,5146,23578,21278
2088950218,LC25,1289213295,AVL11j_pct,9633,19982,20106
1500953002,LC25,1289213295,AVL11j_pct,9582,20006,19956
1875409122,LC25,1289242975,PDL09r_pct,7896,19776,20431
1381298126,LC25,1289242975,PDL09r_pct,6202,19677,22448
1375798493,LC25,1289242975,PDL09r_pct,6242,19614,22329
1500953002,LC25,1289242975,PDL09r_pct,5528,20807,21634
1500953002,LC25,1289242975,PDL09r_pct,5357,21838,21699
1344086667,LC25,1289574568,PVL10t_a_pct,4881,22075,21679
1315084914,LC25,1289574568,PVL10t_a_pct,5851,19888,22026
1315084914,LC25,1289574568,PVL10t_a_pct,4690,22318,21691
2088950218,LC25,1289574568,PVL10t_a_pct,7478,20599,20666
1905429029,LC25,1289574568,PVL10t_a_pct,5385,20709,21600
1905429029,LC25,1289574568,PVL10t_a_pct,7417,20312,20664
1350268702,LC25,1289574568,PVL10t_a_pct,4493,22797,21469
2308585856,LC25,1289574568,PVL10t_a_pct,7197,20556,20675
2308585856,LC25,1289574568,PVL10t_a_pct,5728,20106,21682
2308585856,LC25,1289574568,PVL10t_a_pct,4208,23418,21344
1933429987,LC25,1289574568,PVL10t_a_pct,5761,19942,21891
1933429987,LC25,1289574568,PVL10t_a_pct,5778,19808,21965
2243458832,LC25,1289574568,PVL10t_a_pct,7465,20663,20568
1375798493,LC25,1289574568,PVL10t_a_pct,10301,19587,20234
1375798493,LC25,1289574568,PVL10t_a_pct,5353,20573,21604
1375798493,LC25,1289574568,PVL10t_a_pct,5397,20542,21595
1375798493,LC25,1289574568,PVL10t_a_pct,10302,19550,20227
1382002299,LC25,1289574568,PVL10t_a_pct,9714,19506,20113
1500953002,LC25,1289574568,PVL10t_a_pct,4191,23308,21321
1500953002,LC25,1289574568,PVL10t_a_pct,5725,20084,21720
1500953002,LC25,1289574568,PVL10t_a_pct,7434,20519,20717
1443026992,LC25,1289574568,PVL10t_a_pct,9539,19607,20029
1443364051,LC25,1289574568,PVL10t_a_pct,4657,24111,21980
1443364051,LC25,1289574568,PVL10t_a_pct,4639,24066,21983
1443364051,LC25,1289574568,PVL10t_a_pct,4736,24045,21976
1658155884,LC25,1289574568,PVL10t_a_pct,8002,19835,20871
1375798493,LC25,1289876930,AVM08oe_pct,10301,19587,20234
1375798493,LC25,1289876930,AVM08oe_pct,8245,20604,20846
1375798493,LC25,1289876930,AVM08oe_pct,10302,19550,20227
2000903820,LC25,1289920105,PDL09r_pct,6049,19750,22221
1350268702,LC25,1289920105,PDL09r_pct,6082,19853,22201
2243458832,LC25,1289920105,PDL09r_pct,5690,19886,22338
2243458832,LC25,1289920105,PDL09r_pct,5743,19852,22212
1375798493,LC25,1289920105,PDL09r_pct,8245,20604,20846
1344086667,LC25,1290227332,AVM08i_pct,5181,20352,23330
2001633881,LC25,1290227332,AVM08i_pct,5896,19735,22547
2031266973,LC25,1290227332,AVM08i_pct,6380,20523,20962
2031266973,LC25,1290227332,AVM08i_pct,6077,19729,22349
2031266973,LC25,1290227332,AVM08i_pct,8884,19745,20588
2031266973,LC25,1290227332,AVM08i_pct,4105,22399,22856
2031266973,LC25,1290227332,AVM08i_pct,6156,19689,22393
2000903820,LC25,1290227332,AVM08i_pct,6004,19713,22205
1905429029,LC25,1290227332,AVM08i_pct,5734,19847,22837
1905429029,LC25,1290227332,AVM08i_pct,6186,19687,22284
1350268702,LC25,1290227332,AVM08i_pct,3269,24818,21542
1933429987,LC25,1290227332,AVM08i_pct,5761,19942,21891
1933429987,LC25,1290227332,AVM08i_pct,5788,19868,22047
1381298126,LC25,1290227332,AVM08i_pct,6202,19677,22448
1381298126,LC25,1290227332,AVM08i_pct,4063,22465,22843
1381298126,LC25,1290227332,AVM08i_pct,6155,19756,22385
1381298126,LC25,1290227332,AVM08i_pct,8983,19628,20604
1624083046,LC25,1290227332,AVM08i_pct,8730,20171,20016
1624083046,LC25,1290227332,AVM08i_pct,5941,19795,22590
1500953002,LC25,1290227332,AVM08i_pct,8694,20044,20900
1412332938,LC25,1290227332,AVM08i_pct,5918,19678,22503
1412332938,LC25,1290227332,AVM08i_pct,5881,19739,22084
1443026992,LC25,1290227332,AVM08i_pct,3925,22255,23077
1443026992,LC25,1290227332,AVM08i_pct,3652,24171,21967
1443026992,LC25,1290227332,AVM08i_pct,3835,23941,21858
1443026992,LC25,1290227332,AVM08i_pct,4253,24053,20861
1443026992,LC25,1290227332,AVM08i_pct,4193,24096,20861
1750929611,LC25,1290227332,AVM08i_pct,4978,20580,23214
1443364051,LC25,1290227332,AVM08i_pct,4935,20607,23316
1443364051,LC25,1290227332,AVM08i_pct,5930,19742,22510
1658155884,LC25,1290227332,AVM08i_pct,5906,19738,22756
1658155884,LC25,1290227332,AVM08i_pct,6021,20913,21383
1748222538,LC25,1290227332,AVM08i_pct,4790,20850,23495
1443026992,LC25,1291638853,AVL11x_pct,3363,22481,22322
2088950218,LC25,1312061760,PVL19h_pct,4636,22772,21639
1350268702,LC25,1312061760,PVL19h_pct,4712,21947,22257
1382002299,LC25,1312061760,PVL19h_pct,4686,21918,22349
1624083046,LC25,1312061760,PVL19h_pct,4841,21189,21828
1443026992,LC25,1312061760,PVL19h_pct,4836,21761,22364
1748222538,LC25,1312061760,PVL19h_pct,4399,23302,21955
1966494349,LC25,1317886409,,7394,20103,19309
1966494349,LC25,1317886409,,7292,19501,20896
1412332938,LC25,1317886409,,7351,19754,20667
1443026992,LC25,1317886409,,6151,20158,21824
1443026992,LC25,1317886409,,4253,24053,20861
1750929611,LC25,1317886409,,5272,21090,21560
1344086667,LC25,1319583458,PVL10t_b_pct,7145,19763,21114
1344086667,LC25,1319583458,PVL10t_b_pct,7494,19976,21089
1315084914,LC25,1319583458,PVL10t_b_pct,6094,19963,22478
1498582584,LC25,1319583458,PVL10t_b_pct,6536,19449,21389
1375798493,LC25,1319583458,PVL10t_b_pct,8485,20273,20221
1382002299,LC25,1319583458,PVL10t_b_pct,5925,19841,22646
1382002299,LC25,1319583458,PVL10t_b_pct,5956,19864,22650
1500953002,LC25,1319583458,PVL10t_b_pct,7158,19750,20973
1750929611,LC25,1319583458,PVL10t_b_pct,8442,20204,20207
1658155884,LC25,1319583458,PVL10t_b_pct,5959,19748,22679
1748222538,LC25,1319583458,PVL10t_b_pct,7616,20002,21019
1776886049,LC25,1319583458,PVL10t_b_pct,6815,20777,20937
1498582584,LC25,1320277749,,5103,22124,21574
1967844926,LC25,1320277749,,3416,24018,21227
1443026992,LC25,1320277749,,4783,22220,21732
2088950218,LC25,1320622829,AVL07c_pct,7200,21228,18906
1344086667,LC25,1321564092,ADL01ot_pct,4140,23143,21421
1375798493,LC25,1344460840,PDL09ob_pct,5175,20450,23380
1315084914,LC25,1344469603,PDL09x_pct,6098,20052,22458
1380957285,LC25,1344810847,PDL09v_pct,7279,20154,19783
1776886049,LC25,1344810921,PDL09w_pct,6754,20660,20933
1350268702,LC25,1344811248,PDL09z_pct,4712,21947,22257
1315084914,LC25,1345860891,PVL03y_pct,4966,21463,23017
1344086667,LC25,1346560069,AVL01j_pct,3759,23838,21655
1381298126,LC25,1346896720,PDL09i_pct,5224,21131,21959
2308585856,LC25,1347147045,,7197,20556,20675
1748222538,LC25,1347907087,PDL12v_a_pct,5737,20787,21619
1776886049,LC25,1349922136,,5703,19817,22847
1658155884,LC25,1350340954,AVL03oj_pct,5027,22001,21619
1381298126,LC25,1351312482,AVL07b_pct,9414,19697,20559
1382002299,LC25,1351312482,AVL07b_pct,4036,23120,22369
1500953002,LC25,1351312482,AVL07b_pct,4678,23545,21700
1750929611,LC25,1351312482,AVL07b_pct,4356,21984,22958
1315084914,LC25,1351667174,PVL10y_b_pct,8029,20141,20924
1344086667,LC25,1352315133,AVL11y_a_pct,5442,21175,22749
1344086667,LC25,1352315133,AVL11y_a_pct,5471,21154,22738
1344086667,LC25,1352331062,PVL05ok_pct,3766,23938,21612
2031266973,LC25,1352331062,PVL05ok_pct,4019,22873,21484
2000903820,LC25,1352331062,PVL05ok_pct,4981,22406,21831
2000903820,LC25,1352331062,PVL05ok_pct,4927,22376,21767
1905429029,LC25,1352331062,PVL05ok_pct,6876,19890,21910
1350268702,LC25,1352331062,PVL05ok_pct,4734,21876,22237
2155418746,LC25,1352331062,PVL05ok_pct,5110,20230,23111
1658155884,LC25,1352331062,PVL05ok_pct,2945,22920,22377
1658155884,LC25,1352331062,PVL05ok_pct,3453,24124,21309
1748222538,LC25,1352331062,PVL05ok_pct,5654,20857,21642
1776886049,LC25,1352331062,PVL05ok_pct,5096,20864,21780
1776886049,LC25,1352331062,PVL05ok_pct,5289,20155,23146
2155418746,LC25,1352664363,PDL09y_a_pct,8941,19293,20382
1315084914,LC25,1353031856,AVL02oh_pct,4425,23586,23066
1967844926,LC25,1353708479,AVL07b_pct,7494,21576,21399
1315084914,LC25,1355750029,,4962,21462,22943
1344086667,LC25,1356743173,AVL08g_pct,4428,22166,23317
1315084914,LC25,1357088864,AVL08g_pct,4425,23586,23066
1875409122,LC25,1357774525,AVL08g_pct,3560,23276,22695
1875409122,LC25,1357774525,AVL08g_pct,3511,23347,22723
1966494349,LC25,1375145932,PVL03t_pct,6757,20334,20811
1777227052,LC25,1375504297,PDL09n_pct,7859,20635,20237
1344086667,LC25,1375504403,PDL09x_pct,4001,23475,22333
1382002299,LC25,1375504403,PDL09x_pct,5634,20205,21828
1382002299,LC25,1375504427,PDL09n_pct,7197,19947,21161
1344086667,LC25,1379644459,,6342,18387,28463
1777227052,LC25,1380979698,AVL11j_pct,3596,24750,21485
1382002299,LC25,1381311623,PVL10u_pct,9714,19506,20113
1624083046,LC25,1381311623,PVL10u_pct,8730,20171,20016
1500953002,LC25,1381311623,PVL10u_pct,7493,20718,20823
1500953002,LC25,1381311623,PVL10u_pct,9582,20006,19956
1344086667,LC25,1381656679,PVL10t_a_pct,6507,20891,21205
2000903820,LC25,1381656679,PVL10t_a_pct,5986,22478,21535
1933429987,LC25,1381656679,PVL10t_a_pct,7409,21105,21162
1443026992,LC25,1381656679,PVL10t_a_pct,9465,19652,19992
2243458832,LC25,1382023849,AVL03p_pct,9257,19932,20034
2243458832,LC25,1382023849,AVL03p_pct,5012,20853,21641
1375798493,LC25,1382023849,AVL03p_pct,3961,23369,21142
1777227052,LC25,1382023849,AVL03p_pct,4319,22654,21475
1933429987,LC25,1382667382,AVL11g_pct,8420,20413,20302
1382002299,LC25,1382667382,AVL11g_pct,3599,23071,22695
1443026992,LC25,1383703581,PVL05p_pct,5137,23502,21340
1443026992,LC25,1383767808,PVL04s_pct,4300,23146,21597
2088950218,LC25,1384734912,AVL18y_pct,4676,22116,21556
1777227052,LC25,1386780502,AVL02s_pct,4319,22654,21475
1381298126,LC25,1411327661,PVL10y_a_pct,9329,19680,20635
1500953002,LC25,1411336347,AVL10e_pct,7421,20893,20866
1344086667,LC25,1412670439,AVL05s_a_pct,5471,21154,22738
2001633881,LC25,1412670439,AVL05s_a_pct,6454,20655,20264
2031266973,LC25,1412670439,AVL05s_a_pct,8886,19787,20578
2031266973,LC25,1412670439,AVL05s_a_pct,8105,20602,20561
2000903820,LC25,1412670439,AVL05s_a_pct,9238,19156,20804
1933429987,LC25,1412670439,AVL05s_a_pct,7161,20667,20107
1381298126,LC25,1412670439,AVL05s_a_pct,5521,21458,21533
1500953002,LC25,1412670439,AVL05s_a_pct,5489,21158,22669
1412332938,LC25,1412670439,AVL05s_a_pct,7625,20650,20249
1443026992,LC25,1412670439,AVL05s_a_pct,9250,19249,20802
1443026992,LC25,1412670439,AVL05s_a_pct,9298,19206,20811
1658155884,LC25,1412670439,AVL05s_a_pct,8569,19624,20272
1748222538,LC25,1412670439,AVL05s_a_pct,6536,19846,21366
1748222538,LC25,1412670439,AVL05s_a_pct,7616,20002,21019
1315084914,LC25,1412700292,AVL07b_pct,9116,20821,20977
1748222538,LC25,1412700292,AVL07b_pct,7616,20002,21019
1933429987,LC25,1414405144,PVL10y_c_pct,4744,23475,21451
1375798493,LC25,1414746150,AVL13g_a_pct,4253,23417,21647
1344086667,LC25,1417768398,AVL05od_pct,4842,21249,21783
1344086667,LC25,1417768398,AVL05od_pct,4296,23079,21837
1315084914,LC25,1417768398,AVL05od_pct,4117,24273,23328
1315084914,LC25,1417768398,AVL05od_pct,3959,23008,22332
1498582584,LC25,1417768398,AVL05od_pct,3792,24206,21202
1966494349,LC25,1417768398,AVL05od_pct,4294,22235,21480
2000903820,LC25,1417768398,AVL05od_pct,5689,22392,21765
1905429029,LC25,1417768398,AVL05od_pct,5734,19847,22837
1380957285,LC25,1417768398,AVL05od_pct,3825,22747,21335
1967844926,LC25,1417768398,AVL05od_pct,5672,19896,22497
1875409122,LC25,1417768398,AVL05od_pct,4783,20570,23223
1375798493,LC25,1417768398,AVL05od_pct,5097,20537,23413
1375798493,LC25,1417768398,AVL05od_pct,5175,20450,23380
1382002299,LC25,1417768398,AVL05od_pct,4073,23022,22368
1382002299,LC25,1417768398,AVL05od_pct,4123,23054,22367
1382002299,LC25,1417768398,AVL05od_pct,4686,21918,22349
1382002299,LC25,1417768398,AVL05od_pct,5790,19892,22625
1382002299,LC25,1417768398,AVL05od_pct,3541,23891,21342
1382002299,LC25,1417768398,AVL05od_pct,3588,24028,21313
1624083046,LC25,1417768398,AVL05od_pct,4841,21189,21828
1500953002,LC25,1417768398,AVL05od_pct,4635,21310,23337
1443026992,LC25,1417768398,AVL05od_pct,4309,22992,21638
1443026992,LC25,1417768398,AVL05od_pct,4836,21761,22364
1443026992,LC25,1417768398,AVL05od_pct,3763,22060,22331
1443026992,LC25,1417768398,AVL05od_pct,3577,24044,22224
1443026992,LC25,1417768398,AVL05od_pct,3915,22761,21454
1777227052,LC25,1417768398,AVL05od_pct,4348,22783,21478
1777227052,LC25,1417768398,AVL05od_pct,4559,22060,22343
1777227052,LC25,1417768398,AVL05od_pct,5603,19920,22457
1777227052,LC25,1417768398,AVL05od_pct,5638,19875,22397
1777227052,LC25,1417768398,AVL05od_pct,4511,22017,22261
1750929611,LC25,1417768398,AVL05od_pct,5759,19844,22432
1443364051,LC25,1417768398,AVL05od_pct,4879,20523,23280
1443364051,LC25,1417768398,AVL05od_pct,3628,24039,21318
1658155884,LC25,1417768398,AVL05od_pct,4917,20724,23411
1658155884,LC25,1417768398,AVL05od_pct,4860,20732,23395
1658155884,LC25,1417768398,AVL05od_pct,4980,20542,23364
1658155884,LC25,1417768398,AVL05od_pct,4301,22881,21499
1658155884,LC25,1417768398,AVL05od_pct,3919,23542,21238
1748222538,LC25,1417768398,AVL05od_pct,4440,23476,22001
1748222538,LC25,1417768398,AVL05od_pct,4514,23392,21983
1748222538,LC25,1417768398,AVL05od_pct,4844,20809,23482
1776886049,LC25,1417768398,AVL05od_pct,3856,23943,21188
1776886049,LC25,1417768398,AVL05od_pct,5096,20864,21780
1776886049,LC25,1417768398,AVL05od_pct,5703,19817,22847
1776886049,LC25,1417768398,AVL05od_pct,3842,23783,21218
1776886049,LC25,1417768398,AVL05od_pct,3853,23757,21173
1443026992,LC25,1437224617,PVL03og_pct,5173,23509,21416
1443026992,LC25,1437224617,PVL03og_pct,5178,23548,21389
1443026992,LC25,1439979494,PDL12v_b_pct,3577,24044,22224
1315084914,LC25,1442029850,AVL05s_a_pct,9009,19695,20847
2308585856,LC25,1442029850,AVL05s_a_pct,9100,19687,20804
2308585856,LC25,1442029850,AVL05s_a_pct,9067,19594,20880
1500953002,LC25,1442029850,AVL05s_a_pct,8349,20458,20774
1344086667,LC25,1442699865,AVL05s_b_pct,5181,20352,23330
1966494349,LC25,1442699865,AVL05s_b_pct,4925,21809,21628
2000903820,LC25,1442699865,AVL05s_b_pct,5760,22446,21732
2000903820,LC25,1442699865,AVL05s_b_pct,4733,21852,21623
1905429029,LC25,1442699865,AVL05s_b_pct,5841,19725,22837
1905429029,LC25,1442699865,AVL05s_b_pct,5855,19714,22785
1350268702,LC25,1442699865,AVL05s_b_pct,5091,21865,21662
2308585856,LC25,1442699865,AVL05s_b_pct,4019,22323,21542
1875409122,LC25,1442699865,AVL05s_b_pct,5382,22010,21740
1875409122,LC25,1442699865,AVL05s_b_pct,5392,22029,21819
1382002299,LC25,1442699865,AVL05s_b_pct,5956,19864,22650
1443026992,LC25,1442699865,AVL05s_b_pct,4234,22225,21551
1750929611,LC25,1442699865,AVL05s_b_pct,5221,20145,22977
1658155884,LC25,1442699865,AVL05s_b_pct,5959,19748,22679
1658155884,LC25,1442699865,AVL05s_b_pct,4996,21647,22333
1748222538,LC25,1442699865,AVL05s_b_pct,5313,22036,21791
2031266973,LC25,1442708190,PVL10y_c_pct,4172,22200,22898
2000903820,LC25,1444046333,AVL07b_pct,5689,22392,21765
1967844926,LC25,1444046333,AVL07b_pct,9237,19475,20581
1315084914,LC25,1446061566,PVL03og_pct,6197,19924,22346
1315084914,LC25,1446061566,PVL03og_pct,5888,19931,21994
2088950218,LC25,1446061566,PVL03og_pct,6028,19793,21807
2031266973,LC25,1446061566,PVL03og_pct,6185,19664,22314
1905429029,LC25,1446061566,PVL03og_pct,6186,19687,22284
1905429029,LC25,1446061566,PVL03og_pct,6144,19782,22201
1350268702,LC25,1446061566,PVL03og_pct,6097,19793,22321
1967844926,LC25,1446061566,PVL03og_pct,5975,19815,21857
1875409122,LC25,1446061566,PVL03og_pct,6118,19909,22129
1875409122,LC25,1446061566,PVL03og_pct,6153,19816,22072
1381298126,LC25,1446061566,PVL03og_pct,6155,19756,22385
1375798493,LC25,1446061566,PVL03og_pct,6242,19614,22329
1382002299,LC25,1446061566,PVL03og_pct,5989,19946,22146
1315084914,LC25,1446101389,AVL19d_pct,3840,22903,21503
1350268702,LC25,1446101389,AVL19d_pct,3935,23905,21597
1933429987,LC25,1446101389,AVL19d_pct,3803,23604,21180
1933429987,LC25,1446101389,AVL19d_pct,3847,23569,21165
2243458832,LC25,1446101389,AVL19d_pct,3715,23866,21155
1776886049,LC25,1446101389,AVL19d_pct,3842,23783,21218
1967844926,LC25,1446762036,PVL05ol_pct,9261,19565,20642
1381298126,LC25,1446762036,PVL05ol_pct,9388,19652,20524
1658155884,LC25,1446762036,PVL05ol_pct,6009,20975,21469
1658155884,LC25,1447431073,AVL11q_pct,5906,19738,22756
1748222538,LC25,1449486007,PVL07s_pct,4790,20850,23495
2000903820,LC25,1450875637,AVL11r_a_pct,3905,23107,21352
1382002299,LC25,1450875637,AVL11r_a_pct,3588,24028,21313
1443026992,LC25,1450875637,AVL11r_a_pct,3925,22255,23077
1777227052,LC25,1450875637,AVL11r_a_pct,4511,22017,22261
2088950218,LC25,1470996844,PVL14i_pct,7316,21224,18941
2000903820,LC25,1471337627,PDL12v_c_pct,10251,19324,20225
2031266973,LC25,1472675999,PVL10y_a_pct,4164,22273,22900
1905429029,LC25,1472675999,PVL10y_a_pct,3687,24128,21192
1382002299,LC25,1472711015,PDL12v_b_pct,5651,20109,21807
2000903820,LC25,1473379689,PVL05i_pct,6381,19694,21551
2308585856,LC25,1473379689,PVL05i_pct,9067,19594,20880
1967844926,LC25,1473379689,PVL05i_pct,6342,19489,21699
1380957285,LC25,1473379892,PVL05h_pct,6170,19735,21673
1344086667,LC25,1474062225,PDL09ob_pct,4003,22208,23195
1315084914,LC25,1474062225,PDL09ob_pct,4032,22188,23176
1382002299,LC25,1474062225,PDL09ob_pct,3541,23891,21342
1412332938,LC25,1474062225,PDL09ob_pct,3355,24144,21212
1658155884,LC25,1474062225,PDL09ob_pct,6939,19807,21697
1344086667,LC25,1476782322,AVL05s_b_pct,5948,19881,22263
1344086667,LC25,1476782322,AVL05s_b_pct,5869,19861,22151
1344086667,LC25,1476782322,AVL05s_b_pct,4113,23041,21449
2001633881,LC25,1476782322,AVL05s_b_pct,4235,23037,21681
1498582584,LC25,1476782322,AVL05s_b_pct,6182,19798,22245
2031266973,LC25,1476782322,AVL05s_b_pct,4019,22873,21484
2031266973,LC25,1476782322,AVL05s_b_pct,4018,22814,21429
2000903820,LC25,1476782322,AVL05s_b_pct,5969,19808,22183
1905429029,LC25,1476782322,AVL05s_b_pct,6186,19687,22284
1350268702,LC25,1476782322,AVL05s_b_pct,6082,19853,22201
1380957285,LC25,1476782322,AVL05s_b_pct,6884,20166,21045
1933429987,LC25,1476782322,AVL05s_b_pct,6936,19730,21062
1875409122,LC25,1476782322,AVL05s_b_pct,4132,23290,21574
1875409122,LC25,1476782322,AVL05s_b_pct,6153,19816,22072
1875409122,LC25,1476782322,AVL05s_b_pct,6098,19889,21996
2243458832,LC25,1476782322,AVL05s_b_pct,5743,19852,22212
1382002299,LC25,1476782322,AVL05s_b_pct,5989,19946,22146
1624083046,LC25,1476782322,AVL05s_b_pct,6725,19909,21587
1500953002,LC25,1476782322,AVL05s_b_pct,4240,23004,21392
1777227052,LC25,1476782322,AVL05s_b_pct,6994,19935,21086
1750929611,LC25,1476782322,AVL05s_b_pct,4474,22954,21707
1750929611,LC25,1476782322,AVL05s_b_pct,4460,22967,21665
1443364051,LC25,1476782322,AVL05s_b_pct,4657,24111,21980
1443364051,LC25,1476782322,AVL05s_b_pct,4736,24045,21976
1658155884,LC25,1476782322,AVL05s_b_pct,4087,22996,21551
1658155884,LC25,1476782322,AVL05s_b_pct,6791,19850,21583
1344086667,LC25,1476824820,PVL03og_pct,5869,19861,22151
1315084914,LC25,1476824820,PVL03og_pct,5851,19888,22026
1498582584,LC25,1476824820,PVL03og_pct,4726,23449,21966
1498582584,LC25,1476824820,PVL03og_pct,5997,19681,22580
1498582584,LC25,1476824820,PVL03og_pct,4048,23454,21152
1905429029,LC25,1476824820,PVL03og_pct,6186,19687,22284
1905429029,LC25,1476824820,PVL03og_pct,5840,19727,22686
1905429029,LC25,1476824820,PVL03og_pct,4857,21758,22137
1350268702,LC25,1476824820,PVL03og_pct,5988,19839,22235
2308585856,LC25,1476824820,PVL03og_pct,4164,23414,21406
1967844926,LC25,1476824820,PVL03og_pct,7544,21650,21439
1967844926,LC25,1476824820,PVL03og_pct,7565,21651,21403
1375798493,LC25,1476824820,PVL03og_pct,6002,19697,22378
1375798493,LC25,1476824820,PVL03og_pct,6054,19647,22441
1382002299,LC25,1476824820,PVL03og_pct,5651,20109,21807
1624083046,LC25,1476824820,PVL03og_pct,5889,19754,22613
1777227052,LC25,1476824820,PVL03og_pct,3960,23399,21221
1777227052,LC25,1476824820,PVL03og_pct,4511,22017,22261
1777227052,LC25,1476824820,PVL03og_pct,4026,23378,21195
1658155884,LC25,1476824820,PVL03og_pct,5773,19934,22037
1658155884,LC25,1476824820,PVL03og_pct,5906,19738,22756
1748222538,LC25,1476824820,PVL03og_pct,4844,20809,23482
2031266973,LC25,1477161691,AVL13v_pct,5037,20380,22971
1875409122,LC25,1477161691,AVL13v_pct,4728,20602,23267
1875409122,LC25,1477161691,AVL13v_pct,4783,20570,23223
2155418746,LC25,1477161691,AVL13v_pct,5115,20160,23008
1381298126,LC25,1477161691,AVL13v_pct,4614,21855,22411
1382002299,LC25,1477161691,AVL13v_pct,4686,21918,22349
1750929611,LC25,1477161691,AVL13v_pct,5221,20145,22977
1750929611,LC25,1477161691,AVL13v_pct,5181,20162,22919
1443364051,LC25,1477161691,AVL13v_pct,4879,20523,23280
1658155884,LC25,1477161691,AVL13v_pct,4945,20509,23327
1315084914,LC25,1477774797,AVL16f_pct,4974,22259,22926
1498582584,LC25,1477774797,AVL16f_pct,3792,24206,21202
1966494349,LC25,1478802290,AVL13z_pct,3740,23652,21378
1380957285,LC25,1480170126,AVL02ok_pct,4854,21261,21647
1380957285,LC25,1480170126,AVL02ok_pct,4831,21220,21622
1624083046,LC25,1480170126,AVL02ok_pct,4841,21189,21828
2308585856,LC25,1480222035,,5902,19749,22278
2155418746,LC25,1480222035,,5772,19909,22430
2155418746,LC25,1480222035,,5850,19820,22340
1750929611,LC25,1480222035,,5806,19798,22444
1750929611,LC25,1480222035,,4883,20728,23328
1750929611,LC25,1480222035,,4893,20635,23221
1443364051,LC25,1480222035,,4827,20602,23249
1443364051,LC25,1480222035,,5845,19862,22457
1748222538,LC25,1480222035,,4810,20764,23415
1344086667,LC25,1480516899,AVL11p_b_pct,4428,22166,23317
1443026992,LC25,1480525278,AVL11f_pct,6053,19903,22417
1498582584,LC25,1480525330,PVL03oh_pct,6182,19798,22245
1905429029,LC25,1480525330,PVL03oh_pct,6144,19782,22201
1350268702,LC25,1480525330,PVL03oh_pct,6082,19853,22201
1350268702,LC25,1480525330,PVL03oh_pct,5988,19839,22235
2308585856,LC25,1480525330,PVL03oh_pct,3515,24769,21271
1933429987,LC25,1480525330,PVL03oh_pct,6228,19859,21965
1875409122,LC25,1480525330,PVL03oh_pct,6118,19909,22129
2155418746,LC25,1480525330,PVL03oh_pct,5850,19820,22340
1382002299,LC25,1480525330,PVL03oh_pct,4073,23022,22368
1382002299,LC25,1480525330,PVL03oh_pct,4123,23054,22367
1382002299,LC25,1480525330,PVL03oh_pct,5956,19864,22650
1624083046,LC25,1480525330,PVL03oh_pct,5941,19795,22590
1443026992,LC25,1480525330,PVL03oh_pct,6228,20120,21779
1777227052,LC25,1480525330,PVL03oh_pct,3544,24716,21437
1750929611,LC25,1480525330,PVL03oh_pct,4356,21984,22958
1443364051,LC25,1480525330,PVL03oh_pct,5987,19745,22545
2000903820,LC25,1481202338,PDL12v_a_pct,6381,19694,21551
1380957285,LC25,1498720407,PVM03g_pct,9841,20209,19619
1380957285,LC25,1498720407,PVM03g_pct,9791,20183,19744
1748222538,LC25,1503733177,PDL09h_pct,5654,20857,21642
1500953002,LC25,1504065586,PVL03of_pct,6075,22779,21613
2001633881,LC25,1505152580,AVL03m_a_pct,7452,20397,20110
1381298126,LC25,1506440282,AVM08h_b_pct,5411,21547,21552
1344086667,LC25,1507109459,AVL13v_pct,4811,21884,21690
1344086667,LC25,1507109459,AVL13v_pct,3956,22311,23181
1344086667,LC25,1507109459,AVL13v_pct,4003,22208,23195
1315084914,LC25,1507109459,AVL13v_pct,6644,19911,21825
1315084914,LC25,1507109459,AVL13v_pct,4032,22188,23176
1315084914,LC25,1507109459,AVL13v_pct,6496,19878,21883
1315084914,LC25,1507109459,AVL13v_pct,3840,22903,21503
1315084914,LC25,1507109459,AVL13v_pct,3860,23032,21448
1498582584,LC25,1507109459,AVL13v_pct,4145,22601,21386
1966494349,LC25,1507109459,AVL13v_pct,4771,21835,21553
1966494349,LC25,1507109459,AVL13v_pct,3812,23462,21244
2031266973,LC25,1507109459,AVL13v_pct,4095,22714,21503
2000903820,LC25,1507109459,AVL13v_pct,3905,23107,21352
1350268702,LC25,1507109459,AVL13v_pct,7240,20383,21031
1350268702,LC25,1507109459,AVL13v_pct,3771,23298,21256
2155418746,LC25,1507109459,AVL13v_pct,5110,20230,23111
1443026992,LC25,1507109459,AVL13v_pct,3915,22761,21454
1750929611,LC25,1507109459,AVL13v_pct,4883,20728,23328
1750929611,LC25,1507109459,AVL13v_pct,4978,20580,23214
1443364051,LC25,1507109459,AVL13v_pct,3860,22362,23272
1443364051,LC25,1507109459,AVL13v_pct,3933,22227,23277
1658155884,LC25,1507109459,AVL13v_pct,7649,20764,21043
1658155884,LC25,1507109459,AVL13v_pct,6791,19850,21583
1658155884,LC25,1507109459,AVL13v_pct,3951,23502,21230
1658155884,LC25,1507109459,AVL13v_pct,3919,23542,21238
1748222538,LC25,1507109459,AVL13v_pct,3852,23331,21243
1344086667,LC25,1507446255,AVL13v_pct,4428,22166,23317
1315084914,LC25,1507446255,AVL13v_pct,6197,19924,22346
2001633881,LC25,1507446255,AVL13v_pct,4165,22726,21577
1498582584,LC25,1507446255,AVL13v_pct,6427,20164,21372
1498582584,LC25,1507446255,AVL13v_pct,6422,20250,21323
2088950218,LC25,1507446255,AVL13v_pct,4494,22873,21722
1966494349,LC25,1507446255,AVL13v_pct,3740,23652,21378
2031266973,LC25,1507446255,AVL13v_pct,3463,23799,21245
2031266973,LC25,1507446255,AVL13v_pct,3468,23754,21279
2031266973,LC25,1507446255,AVL13v_pct,4019,22873,21484
2031266973,LC25,1507446255,AVL13v_pct,7103,20023,21149
2000903820,LC25,1507446255,AVL13v_pct,5972,20137,21750
1350268702,LC25,1507446255,AVL13v_pct,6721,20201,21082
1967844926,LC25,1507446255,AVL13v_pct,3975,23068,21313
1381298126,LC25,1507446255,AVL13v_pct,6500,20186,21189
1381298126,LC25,1507446255,AVL13v_pct,4344,22870,21784
1381298126,LC25,1507446255,AVL13v_pct,5797,20168,21791
1381298126,LC25,1507446255,AVL13v_pct,7610,19892,21030
1381298126,LC25,1507446255,AVL13v_pct,7744,19868,20952
1624083046,LC25,1507446255,AVL13v_pct,3490,24199,21125
1412332938,LC25,1507446255,AVL13v_pct,3355,24144,21212
1443026992,LC25,1507446255,AVL13v_pct,7115,19993,20966
1443026992,LC25,1507446255,AVL13v_pct,6151,20158,21824
1777227052,LC25,1507446255,AVL13v_pct,4232,22778,21526
1777227052,LC25,1507446255,AVL13v_pct,4348,22783,21478
1750929611,LC25,1507446255,AVL13v_pct,6597,20627,20885
1658155884,LC25,1507446255,AVL13v_pct,4285,22809,21538
1748222538,LC25,1507446255,AVL13v_pct,5654,20857,21642
1748222538,LC25,1507446255,AVL13v_pct,7070,20054,21128
1776886049,LC25,1507446255,AVL13v_pct,5158,21311,21622
1344086667,LC25,1507449839,AVM08h_a_pct,4001,23475,22333
1412332938,LC25,1507782010,AVL05on_pct,3565,23318,21272
1777227052,LC25,1507782010,AVL05on_pct,4511,22017,22261
2308585856,LC25,1507812837,AVL11m_pct,7428,19921,21145
1382002299,LC25,1507812837,AVL11m_pct,7157,20055,21121
1382002299,LC25,1507812837,AVL11m_pct,7331,19981,21144
1966494349,LC25,1508123668,,3740,23652,21378
2031266973,LC25,1508123668,,4108,22438,22756
1443026992,LC25,1508123668,,5553,20030,22426
1344086667,LC25,1508127542,AVL11r_a_pct,4296,23079,21837
1344086667,LC25,1508127542,AVL11r_a_pct,3766,23938,21612
1315084914,LC25,1508127542,AVL11r_a_pct,3993,23071,22396
1315084914,LC25,1508127542,AVL11r_a_pct,4009,23055,22393
1315084914,LC25,1508127542,AVL11r_a_pct,3959,23008,22332
1498582584,LC25,1508127542,AVL11r_a_pct,4588,23446,21976
1498582584,LC25,1508127542,AVL11r_a_pct,4529,23590,22003
1498582584,LC25,1508127542,AVL11r_a_pct,6256,19733,22218
1498582584,LC25,1508127542,AVL11r_a_pct,3765,24282,21143
1382002299,LC25,1508127542,AVL11r_a_pct,5989,19946,22146
1382002299,LC25,1508127542,AVL11r_a_pct,4036,23120,22369
1382002299,LC25,1508127542,AVL11r_a_pct,4073,23022,22368
1443364051,LC25,1508127542,AVL11r_a_pct,3933,22227,23277
1443364051,LC25,1508127542,AVL11r_a_pct,3736,24176,21298
1443364051,LC25,1508127542,AVL11r_a_pct,3682,24156,21292
1748222538,LC25,1508127542,AVL11r_a_pct,4399,23302,21955
1905429029,LC25,1508132976,AVL11r_b_pct,3688,23983,21237
1375798493,LC25,1508132976,AVL11r_b_pct,3875,23591,21127
1905429029,LC25,1508464822,AVL05on_pct,4876,21687,22097
1382002299,LC25,1508464822,AVL05on_pct,4831,21745,22092
1344086667,LC25,1509146177,AVL02s_pct,4001,23475,22333
1315084914,LC25,1509146177,AVL02s_pct,3959,23008,22332
2001633881,LC25,1509215949,AVL19h_pct,3959,23556,21173
1658155884,LC25,1509215949,AVL19h_pct,3673,22877,22726
1658155884,LC25,1509215949,AVL19h_pct,3958,22592,22794
2001633881,LC25,1511593574,AVL02t_pct,5896,19735,22547
1498582584,LC25,1511593574,AVL02t_pct,5997,19681,22580
1966494349,LC25,1511593574,AVL02t_pct,3873,23402,21317
1966494349,LC25,1511593574,AVL02t_pct,3857,23489,21325
2031266973,LC25,1511593574,AVL02t_pct,4018,22814,21429
2000903820,LC25,1511593574,AVL02t_pct,3905,23107,21352
2308585856,LC25,1511593574,AVL02t_pct,5902,19749,22278
2243458832,LC25,1511593574,AVL02t_pct,5797,19806,22246
1375798493,LC25,1511593574,AVL02t_pct,6002,19697,22378
1382002299,LC25,1511593574,AVL02t_pct,3541,23891,21342
1624083046,LC25,1511593574,AVL02t_pct,5889,19754,22613
1443026992,LC25,1511593574,AVL02t_pct,3915,22761,21454
1777227052,LC25,1511593574,AVL02t_pct,5638,19875,22397
1658155884,LC25,1511593574,AVL02t_pct,3453,24124,21309
1748222538,LC25,1511593574,AVL02t_pct,3696,22798,21436
1500953002,LC25,1534798033,AVL05s_c_pct,4629,21430,23364
1443026992,LC25,1534798033,AVL05s_c_pct,6053,19903,22417
1967844926,LC25,1535100405,PVL03og_pct,5775,19846,22493
2155418746,LC25,1535100405,PVL03og_pct,5772,19909,22430
1382002299,LC25,1535100405,PVL03og_pct,5925,19841,22646
1382002299,LC25,1535100405,PVL03og_pct,5956,19864,22650
1624083046,LC25,1535100405,PVL03og_pct,5941,19795,22590
1624083046,LC25,1535100405,PVL03og_pct,5874,19806,22546
1750929611,LC25,1535100405,PVL03og_pct,5759,19844,22432
1443364051,LC25,1535100405,PVL03og_pct,5845,19862,22457
1658155884,LC25,1535100405,PVL03og_pct,5959,19748,22679
1658155884,LC25,1535100405,PVL03og_pct,5906,19738,22756
2088950218,LC25,1535432441,,8867,19636,20415
2000903820,LC25,1535432441,,6004,19713,22205
2308585856,LC25,1535432441,,8877,19483,19006
1382002299,LC25,1535432441,,5169,22011,21635
1382002299,LC25,1535791554,,4785,21827,22326
2031266973,LC25,1536447127,,5701,19943,22528
1967844926,LC25,1536447127,,5672,19896,22497
1777227052,LC25,1536447127,,5603,19920,22457
1344086667,LC25,1537130680,AVL02t_pct,6344,20298,21341
1344086667,LC25,1537130680,AVL02t_pct,3766,23938,21612
1905429029,LC25,1537130680,AVL02t_pct,4751,21715,21641
1350268702,LC25,1537130680,AVL02t_pct,3935,23905,21597
1967844926,LC25,1537130680,AVL02t_pct,3975,23068,21313
1382002299,LC25,1537130680,AVL02t_pct,4785,21827,22326
1382002299,LC25,1537130680,AVL02t_pct,4831,21745,22092
1443026992,LC25,1537130680,AVL02t_pct,6228,20120,21779
1443026992,LC25,1537130680,AVL02t_pct,4703,21891,22414
1777227052,LC25,1537130680,AVL02t_pct,3544,24716,21437
1658155884,LC25,1537130680,AVL02t_pct,4921,21935,21642
1748222538,LC25,1537802851,AVL19g_pct,4844,20809,23482
1344086667,LC25,1537807327,AVL11r_b_pct,4796,22134,21646
2000903820,LC25,1537807327,AVL11r_b_pct,4927,22376,21767
1443026992,LC25,1537807327,AVL11r_b_pct,4783,22220,21732
1350268702,LC25,1567140261,,7834,20131,19381
1315084914,LC25,1568190925,,4426,23544,23085
1315084914,LC25,1569205173,,5002,22274,22904
1315084914,LC25,1569205173,,4974,22259,22926
1375798493,LC25,1570866455,AVL11r_b_pct,5143,20603,23425
1375798493,LC25,1570866455,AVL11r_b_pct,5189,20569,23417
1382002299,LC25,1570866455,AVL11r_b_pct,5104,20660,23438
1382002299,LC25,1570866455,AVL11r_b_pct,5230,20592,23403
1382002299,LC25,1570866455,AVL11r_b_pct,5235,20622,23389
1776886049,LC25,1570866455,AVL11r_b_pct,5289,20155,23146
1875409122,LC25,1570901776,AVL11oq_pct,3560,23276,22695
1443026992,LC25,1600204580,AVL05oo_pct,3925,22255,23077
1315084914,LC25,1601228600,AVL19g_pct,4026,22382,23343
1875409122,LC25,1630230506,AVL19g_pct,4821,21381,23152
1500953002,LC25,1630230506,AVL19g_pct,4629,21430,23364
1443364051,LC25,1630683107,AVL05oo_pct,3860,22362,23272
1315084914,LC25,1632016438,PVL05oy_pct,6521,19928,21796
2088950218,LC25,1632016438,PVL05oy_pct,8006,20489,20389
1933429987,LC25,1632016438,PVL05oy_pct,4467,22490,21544
1967844926,LC25,1632016438,PVL05oy_pct,7565,21651,21403
2243458832,LC25,1632016438,PVL05oy_pct,3737,23117,21236
1375798493,LC25,1632016438,PVL05oy_pct,6002,19697,22378
1375798493,LC25,1632016438,PVL05oy_pct,4253,23417,21647
1777227052,LC25,1632016438,PVL05oy_pct,4559,22060,22343
1658155884,LC25,1632016438,PVL05oy_pct,4539,22544,21533
1658155884,LC25,1632016438,PVL05oy_pct,5959,19748,22679
1875409122,LC25,1658040290,AVL05p_pct,3560,23276,22695
1382002299,LC25,1658040290,AVL05p_pct,3632,23121,22684
1382002299,LC25,1658040290,AVL05p_pct,3599,23071,22695
1658155884,LC25,1658040290,AVL05p_pct,3673,22877,22726
1315084914,LC25,1663639752,,5008,21475,22962
1344086667,LC25,1722310842,,5452,20099,22127
1498582584,LC25,1722310842,,4044,22817,21390
1375798493,LC25,1722310842,,5353,20573,21604
1412332938,LC25,1722310842,,7344,20472,20111
1412332938,LC25,1722310842,,7363,20531,20315
1412332938,LC25,1722310842,,5004,21088,21592
1875409122,LC25,2309626688,,7271,19811,20815
1777227052,LC25,2309626688,,5893,19835,21787
2243458832,LC25,5812981242,PDL09oe_pct,6900,19747,20849
1344086667,LC25,5812982994,PVL04a_a_pct,6344,20298,21341
1498582584,LC25,5812982994,PVL04a_a_pct,6427,20164,21372
1412332938,LC25,5812982994,PVL04a_a_pct,6297,20425,21294
1748222538,LC25,5812982994,PVL04a_a_pct,4440,23476,22001
1748222538,LC25,5812982994,PVL04a_a_pct,4514,23392,21983
1748222538,LC25,5812982994,PVL04a_a_pct,4399,23302,21955
2000903820,LC25,5812983094,ADL02z_pct,10028,19437,20397
1658155884,LC25,5812983240,PDM06f_pct,6009,20975,21469
1344086667,LC25,5812989875,AVL19g_pct,4016,22292,23299
1344086667,LC25,5812989875,AVL19g_pct,3956,22311,23181
1443364051,LC25,5812989875,AVL19g_pct,3933,22227,23277
1382002299,LC25,5813010405,AVL03m_a_pct,9846,21283,19612
1315084914,LC25,5813023353,LT1,4426,23544,23085
1382002299,LC25,5813026724,ADL14m_a_pct,4791,21714,22030
1382002299,LC25,5813027276,ADL26e_pct,9672,19546,20147
2243458832,LC25,5813038167,AVL08d_pct,8444,19680,20357
1315084914,LC25,5813038177,PDL09r_pct,5888,19931,21994
1350268702,LC25,5813038177,PDL09r_pct,8012,20595,20635
1875409122,LC25,5813038177,PDL09r_pct,8836,19714,20572
1381298126,LC25,5813038177,PDL09r_pct,4762,22038,21554
1500953002,LC25,5813038177,PDL09r_pct,7421,20893,20866
1776886049,LC25,5813038177,PDL09r_pct,4692,22050,21616
2001633881,LC25,5813041172,,7504,19505,20908
1498582584,LC25,5813041172,,8804,20168,18894
1498582584,LC25,5813041323,AVL10e_pct,4529,23590,22003
1500953002,LC25,5813041360,PDL09y_b_pct,5417,20833,21639
1658155884,LC25,5813044470,,7618,20831,21118
1658155884,LC25,5813044470,,4309,22241,22325
2001633881,LC25,5813048443,ADL14q_pct,3959,23556,21173
1966494349,LC25,5813048443,ADL14q_pct,3873,23402,21317
2031266973,LC25,5813048443,ADL14q_pct,6185,19664,22314
2000903820,LC25,5813048443,ADL14q_pct,5986,22478,21535
2000903820,LC25,5813048443,ADL14q_pct,8341,20465,20209
1933429987,LC25,5813048443,ADL14q_pct,10092,21355,19499
1875409122,LC25,5813048443,ADL14q_pct,5140,21079,21594
2155418746,LC25,5813048443,ADL14q_pct,5257,20933,21634
1381298126,LC25,5813048443,ADL14q_pct,6629,20194,20924
1381298126,LC25,5813048443,ADL14q_pct,6536,20286,20936
1381298126,LC25,5813048443,ADL14q_pct,5521,21458,21533
1381298126,LC25,5813048443,ADL14q_pct,6562,20279,20907
1381298126,LC25,5813048443,ADL14q_pct,8386,20494,20118
1500953002,LC25,5813048443,ADL14q_pct,4678,23545,21700
1500953002,LC25,5813048443,ADL14q_pct,5528,20807,21634
1500953002,LC25,5813048443,ADL14q_pct,4191,23308,21321
1412332938,LC25,5813048443,ADL14q_pct,6806,20259,20920
1658155884,LC25,5813048443,ADL14q_pct,3907,23409,21331
1748222538,LC25,5813048443,ADL14q_pct,4440,23476,22001
1748222538,LC25,5813048443,ADL14q_pct,4514,23392,21983
1776886049,LC25,5813048443,ADL14q_pct,4000,23516,21116
1315084914,LC25,5813053863,AVL02old_pct,6197,19924,22346
2000903820,LC25,5813053863,AVL02old_pct,4677,21835,21664
1350268702,LC25,5813053863,AVL02old_pct,3935,23905,21597
1875409122,LC25,5813053863,AVL02old_pct,5382,22010,21740
1875409122,LC25,5813053863,AVL02old_pct,5392,22029,21819
1658155884,LC25,5813053863,AVL02old_pct,6940,19758,21691
2088950218,LC25,5813053966,AVL13oe_pct,8006,20489,20389
1933429987,LC25,5813053966,AVL13oe_pct,6228,19859,21965
1933429987,LC25,5813053966,AVL13oe_pct,7409,21105,21162
2155418746,LC25,5813053966,AVL13oe_pct,7837,21004,21013
1443026992,LC25,5813053966,AVL13oe_pct,6228,20120,21779
1350268702,LC25,5813054169,PVL09h_pct,7240,20383,21031
1967844926,LC25,5813057077,PVL09h_pct,8442,20032,20893
2088950218,LC25,5813057854,ADL14s_pct,4636,22772,21639
2000903820,LC25,5813057854,ADL14s_pct,6157,20789,21051
1350268702,LC25,5813057854,ADL14s_pct,6179,20875,21079
1350268702,LC25,5813057854,ADL14s_pct,6246,20795,21065
1875409122,LC25,5813057854,ADL14s_pct,8876,19674,20616
2155418746,LC25,5813057854,ADL14s_pct,6658,19575,21667
1381298126,LC25,5813057854,ADL14s_pct,7453,20695,20634
1382002299,LC25,5813057854,ADL14s_pct,4036,23120,22369
1382002299,LC25,5813057854,ADL14s_pct,3632,23121,22684
1776886049,LC25,5813057854,ADL14s_pct,6754,20660,20933
1875409122,LC25,5813061112,,7409,20106,19743
1875409122,LC25,5813063087,AVL03oi_pct,6118,19909,22129
1381298126,LC25,5813068559,AVL19c_pct,4022,22337,22772
2308585856,LC25,5813070572,ADL14m_c_pct,8464,20539,20274
1624083046,LC25,5813070572,ADL14m_c_pct,8205,20470,19980
1750929611,LC25,5813070572,ADL14m_c_pct,8340,19839,20289
1315084914,LC25,5813070613,AVL02ot_pct,4425,23586,23066
1350268702,LC25,5813070613,AVL02ot_pct,6097,19793,22321
1350268702,LC25,5813070613,AVL02ot_pct,6082,19853,22201
1315084914,LC25,5813075410,ADL14m_c_pct,4117,24273,23328
1933429987,LC25,5813075410,ADL14m_c_pct,4744,23475,21451
1443026992,LC25,5813077633,PVL03oi_pct,9361,19209,20815
1500953002,LC25,5813082781,AVL11g_pct,4678,23545,21700
1905429029,LC25,5901203491,PDL12v_b_pct,6765,19893,21981
1624083046,LC25,5901214960,AVL03oj_pct,5095,22252,21787
1500953002,LC25,5901214960,AVL03oj_pct,4678,23545,21700
1748222538,LC25,5901214960,AVL03oj_pct,5269,22184,21843
